incorrecta,correcta
Caf<U+FFFD>, Café
caf<U+FFFD>, café
ACCI<U+FFFD>,ACCIÓN
CAF<U+FFFD>,CAFÉ
Caracter<U+FFFD>ticas,Características
Verificaci<U+FFFD>,Verificación
Infusi<U+FFFD>,Infusión
L<U+FFFD>uido,Líquido
Pur<U+FFFD>,Purín
qu<U+FFFD>ico,químico
PRODUCCI<U+FFFD>,PRODUCCIÓN
Fertilizaci<U+FFFD>,Fertilización
Qu<U+FFFD>ica,Química
Producci<U+FFFD>,Producción
Descripci<U+FFFD>,Descripción
Construcci<U+FFFD>,Construcción
MORFOLOG<U+FFFD>,MORFOLOGÍA
Floraci<U+FFFD>,Floración
recolecci<U+FFFD>,recolección
4-Recolecci<U+FFFD>,4-Recolección
biol<U+FFFD>ico,biológico
Soluci<U+FFFD>,Solución
Nem<U+FFFD>odos,Nemátodos
Recolecci<U+FFFD>,Recolección
Mec<U+FFFD>ica,Mecánica
M<U+FFFD>odo,Método
Org<U+FFFD>ica,Orgánica
Decocci<U+FFFD>,Decocción
<U+FFFD>mbar,Ámbar
Biodin<U+FFFD>ico,Biodinámico
Definici<U+FFFD>,Definición
Protecci<U+FFFD>,Protección
Identificaci<U+FFFD>,Identificación
Evaluaci<U+FFFD>,Evaluación
Hidrocicl<U+FFFD>,Hidrociclón
explotaci<U+FFFD>,explotación
Caracter<U+FFFD>ticas,Características
PR<U+FFFD>CTICAS,PRÁCTICAS
AGR<U+FFFD>OLAS,AGRÍCOLAS
Preparaci<U+FFFD>,Preparación
TAXONOM<U+FFFD>,TAXONOMÍA
Ara<U+FFFD>ta,Arañita
PRODUCCI<U+FFFD>,PRODUCCIÓN
Renovaci<U+FFFD>,Renovación
contrucci<U+FFFD>,construcción
Org<U+FFFD>ico,Orgánico
Despu<U+FFFD>,Después
Energ<U+FFFD>,Energía
An<U+FFFD>isis,Análisis
identificaci<U+FFFD>,identificación
an<U+FFFD>isis,análisis
evaluaci<U+FFFD>,evaluación
ergon<U+FFFD>icos,ergonómicos
Tosti<U+FFFD>,Tostión
Aspersi<U+FFFD>,Aspersión
Diluci<U+FFFD>,Dilución
Jab<U+FFFD>,Jabón
Mec<U+FFFD>ico,Mecánico
Tab<U+FFFD>,Tabí
Ortotr<U+FFFD>icos,Ortotrópicos
Formaci<U+FFFD>,Formación
protecci<U+FFFD>,protección
f<U+FFFD>icos,físicos
Gesti<U+FFFD>,Gestión
conservaci<U+FFFD>,conservación
h<U+FFFD>rica,hídrica
Da<U+FFFD>s,Daños
T<U+FFFD>ica,Típica
Borb<U+FFFD>,Borbón
Esterilizaci<U+FFFD>,Esterilización
dom<U+FFFD>tica,doméstica
Ra<U+FFFD>,Raíz
ra<U+FFFD>,raíz
Ra<U+FFFD>es,Raíces
Alcoh<U+FFFD>ico,Alcohólico
Aj<U+FFFD>,Ají
