"","Id","Query__c"
"1","a1D36000003y8onEAA","ALTERNATIVAS DE BIOPREPARADOS Biofertilizantes BIOL"
"2","a1D36000003y8oJEAQ","FORMAS DE ACCI<U+FFFD> DE LOS BIOPREPARADOS"
"3","a1D36000005CtgTEAS","CULTIVO DE CAF<U+FFFD> CAF<U+FFFD> ESPECIALES Sellos de Caf<U+FFFD>Especial en el Mundo Caf<U+FFFD>Especial - Verificaciones Caracter<U+FFFD>ticas de la Verificaci<U+FFFD> Starbucks - Cafe Practices"
"4","a1D36000005CtgUEAS","FACTOR DE RENDIMIENTO Que es el Factor de Rendimiento?"
"5","a1D36000005CtgVEAS","FACTOR DE RENDIMIENTO Calculo del Factor de Rendimiento"
"6","a1D36000005CtgWEAS","FACTOR DE RENDIMIENTO Que es el Factor de Rendimiento?"
"7","a1D36000005CtgXEAS","FACTOR DE RENDIMIENTO Calculo del Factor de Rendimiento"
"8","a1D36000003y9GcEAI","ALTERNATIVAS DE BIOPREPARADOS Biofungicidas Infusi<U+FFFD> de Manzanilla"
"9","a1D36000003y8szEAA","ALTERNATIVAS DE BIOPREPARADOS Biofertilizantes Humus L<U+FFFD>uido"
"10","a1D36000003y9AeEAI","ALTERNATIVAS DE BIOPREPARADOS Biofertilizantes Pur<U+FFFD> Fermentado de Ortiga"
"11","a1D36000003wmLtEAI","CULTIVO DE CAF<U+FFFD> CAF<U+FFFD> ESPECIALES Sellos de Caf<U+FFFD>Especial en el Mundo Caf<U+FFFD>Especial - Sostenible Caf<U+FFFD>Especial - Amigables con las Aves Requisitos"
"12","a1D36000005CcndEAC","CULTIVO DE CAF<U+FFFD> SANIDAD DEL CAFETAL ENFERMEDADES DEL CAF<U+FFFD>Llagas Caracter<U+FFFD>ticas de Llagas"
"13","a1D36000005CcneEAC","CULTIVO DE CAF<U+FFFD> SANIDAD DEL CAFETAL ENFERMEDADES DEL CAF<U+FFFD>Colletotrichum sp. Caracter<U+FFFD>ticas del Colletotrichum sp."
"14","a1D36000005C8a2EAC","ALTERNATIVAS DE BIOPREPARADOS Bioinsecticidas Infusi<U+FFFD> de Ruda y Hojas de Salvia"
"15","a1D36000005C8a3EAC","FACTOR DE RENDIMIENTO Calculo del Factor de Rendimiento"
"16","a1D36000005C8a4EAC","CULTIVO DE CAF<U+FFFD> SANIDAD DEL CAFETAL PLAGAS DEL CAF<U+FFFD>Minador Control del Minador Control qu<U+FFFD>ico"
"17","a1D36000005C8a5EAC","CULTIVO DE CAF<U+FFFD> SANIDAD DEL CAFETAL PLAGAS DEL CAF<U+FFFD>Babosas Control de la Babosa Control qu<U+FFFD>ico"
"18","a1D36000005C8a6EAC","CULTIVO DE CAF<U+FFFD> SANIDAD DEL CAFETAL PLAGAS DEL CAF<U+FFFD>Babosas Caracter<U+FFFD>ticas de la Babosa"
"19","a1D36000005CSzCEAW","ALTERNATIVAS DE BIOPREPARADOS Bioestimulante Enraizador Bioestimulante Dinamizador para Enraizamiento"
"20","a1D36000005CSzDEAW","CULTIVO DE CAF<U+FFFD> MANEJO Y PRODUCCI<U+FFFD>. Fertilizaci<U+FFFD>. Importante."
"21","a1D36000005CSzEEAW","CULTIVO DE CAF<U+FFFD> BUENAS PR<U+FFFD>CTICAS AGR<U+FFFD>OLAS BPAs - Manejo de suelos"
"22","a1D36000005CSzFEAW","FACTOR DE RENDIMIENTO Calculo del Factor de Rendimiento"
"23","a1D36000005CSzGEAW","FACTOR DE RENDIMIENTO Que es el Factor de Rendimiento?"
"24","a1D36000005CSijEAG","CULTIVO DE CAF<U+FFFD> BUENAS PR<U+FFFD>CTICAS AGR<U+FFFD>OLAS BPAs - Fertilizaci<U+FFFD>"
"25","a1D36000005CSikEAG","CULTIVO DE CAF<U+FFFD> MANEJO Y PRODUCCI<U+FFFD>. Fertilizaci<U+FFFD>. Fertilizaci<U+FFFD> Qu<U+FFFD>ica. Fertilizaci<U+FFFD> en Producci<U+FFFD>."
"26","a1D36000003woOuEAI","FACTOR DE RENDIMIENTO Test modificado 3"
"27","a1D36000003ymTbEAI","Descripci<U+FFFD> General y Construcci<U+FFFD>"
"28","a1D36000003ySZ3EAM","FACTOR DE RENDIMIENTO Que es el Factor de Rendimiento?"
"29","a1D36000003ySZ4EAM","FACTOR DE RENDIMIENTO Calculo del Factor de Rendimiento"
"30","a1D36000003yGMSEA2","FACTOR DE RENDIMIENTO Calculo del Factor de Rendimiento"
"31","a1D36000003yGMTEA2","Datos Importantes de la trampa"
"32","a1D36000003yGMUEA2","CULTIVO DE CAF<U+FFFD> REQUERIMIENTOS DEL CULTIVO DE CAF<U+FFFD> Sitio. Suelos."
"33","a1D36000003yGMVEA2","CULTIVO DE CAF<U+FFFD> REQUERIMIENTOS DEL CULTIVO DE CAF<U+FFFD> Sitio. Clima."
"34","a1D36000005CqpzEAC","FACTOR DE RENDIMIENTO Calculo del Factor de Rendimiento"
"35","a1D36000003UsHWEA0","CULTIVO DE CAF<U+FFFD> GENERALIDADES DEL CAF<U+FFFD> MORFOLOG<U+FFFD>. Flor. Floraci<U+FFFD> zonas cafeteras"
"36","a1D36000003UsHXEA0","CULTIVO DE CAF<U+FFFD> GENERALIDADES DEL CAF<U+FFFD> ORIGEN DEL CAF<U+FFFD>"
"37","a1D36000003yYZDEA2","CULTIVO DE CAF<U+FFFD> SANIDAD DEL CAFETAL PLAGAS DEL CAF<U+FFFD>Palomillas Control de la Palomilla Control qu<U+FFFD>ico"
"38","a1D36000003y06tEAA","CULTIVO DE CAF<U+FFFD> BUENAS PR<U+FFFD>CTICAS AGR<U+FFFD>OLAS BPAs - Fertilizaci<U+FFFD>"
"39","a1D36000003y06uEAA","FACTOR DE RENDIMIENTO Calculo del Factor de Rendimiento"
"40","a1D36000003y06vEAA","CULTIVO DE CAF<U+FFFD> BUENAS PR<U+FFFD>CTICAS AGR<U+FFFD>OLAS BPAs - Definiciones y Conceptos"
"41","a1D36000003y06wEAA","CULTIVO DE CAF<U+FFFD> CAF<U+FFFD> ESPECIALES Sellos de Caf<U+FFFD>Especial en el Mundo Caf<U+FFFD>Especial - Sostenible Caf<U+FFFD>Especial - Comercio Justo Caracter<U+FFFD>ticas del caf<U+FFFD>Comercio Justo"
"42","a1D36000003y06xEAA","FACTOR DE RENDIMIENTO Tipo de Almendras Defectuosas Aplastado"
"43","a1D36000003y06yEAA","FACTOR DE RENDIMIENTO Que es el Factor de Rendimiento?"
"44","a1D36000003y06zEAA","CULTIVO DE CAF<U+FFFD> SANIDAD DEL CAFETAL ENFERMEDADES DEL CAF<U+FFFD>Roya Caracter<U+FFFD>ticas de la Roya"
"45","a1D36000003UqV4EAK","CULTIVO DE CAFE GENERALIDADES DEL CAFE TAXONOM<U+FFFD> DEL CAFE"
"46","a1D36000003yaK3EAI","FACTOR DE RENDIMIENTO Calculo del Factor de Rendimiento"
"47","a1D36000003y0AxEAI","CULTIVO DE CAF<U+FFFD> BUENAS PR<U+FFFD>CTICAS AGR<U+FFFD>OLAS BPAs - Definiciones y Conceptos"
"48","a1D36000003woTLEAY","CULTIVO DE CAF<U+FFFD> CAF<U+FFFD> ESPECIALES Caf<U+FFFD> Especiales Caf<U+FFFD>Descafeinado"
"49","a1D36000003woO6EAI","FACTOR DE RENDIMIENTO Calculo del Factor de Rendimiento"
"50","a1D36000003UnRXEA0","CULTIVO DE CAFE GENERALIDADES DEL CAFE ORIGEN DEL CAFE"
"51","a1D36000003Ur82EAC","CULTIVO DE CAF<U+FFFD> REQUERIMIENTOS DEL CULTIVO DE CAF<U+FFFD> Competencia del caf<U+FFFD> Arvenses."
"52","a1D36000003Uqc4EAC","CULTIVO DE CAFE GENERALIDADES DEL CAFE FASE VEGETATIVA DEL CAF<U+FFFD>Generalidades"
"53","a1D36000003Uqc5EAC","CULTIVO DE CAFE GENERALIDADES DEL CAFE FASE VEGETATIVA DEL CAF<U+FFFD>Etapas"
"54","a1D36000003Ur8HEAS","CULTIVO DE CAF<U+FFFD> REQUERIMIENTOS DEL CULTIVO DE CAF<U+FFFD> Cosecha. Tipos de recolecci<U+FFFD> de grano. Recoleccion tradicional."
"55","a1D36000003Ur8IEAS","CULTIVO DE CAF<U+FFFD> REQUERIMIENTOS DEL CULTIVO DE CAF<U+FFFD> Cosecha. Tipos de recolecci<U+FFFD> de grano. Raselca II."
"56","a1D36000003Ur8JEAS","CULTIVO DE CAF<U+FFFD> REQUERIMIENTOS DEL CULTIVO DE CAF<U+FFFD> Cosecha. Tipos de recolecci<U+FFFD> de grano. Mallas plasticas en piso."
"57","a1D36000003Ur8KEAS","CULTIVO DE CAF<U+FFFD> REQUERIMIENTOS DEL CULTIVO DE CAF<U+FFFD> Cosecha. Tipos de recolecci<U+FFFD> de grano. Descafe."
"58","a1D36000003Ur8LEAS","CULTIVO DE CAF<U+FFFD> REQUERIMIENTOS DEL CULTIVO DE CAF<U+FFFD> Cosecha. Tipos de recolecci<U+FFFD> de grano. Cifarelli SC 700."
"59","a1D36000003Ur8MEAS","CULTIVO DE CAF<U+FFFD> REQUERIMIENTOS DEL CULTIVO DE CAF<U+FFFD> Cosecha. Tipos de recolecci<U+FFFD> de grano. Aspiradora multifuelle."
"60","a1D36000003Ur8NEAS","CULTIVO DE CAF<U+FFFD> REQUERIMIENTOS DEL CULTIVO DE CAF<U+FFFD> Cosecha. Tipos de recolecci<U+FFFD> de grano. Aroandes  III."
"61","a1D36000003yLslEAE","Lombricultivo con Pulpa de Caf<U+FFFD> 2-Siembra de la Lombriz"
"62","a1D36000003yMFfEAM","Lombricultivo con Pulpa de Caf<U+FFFD> 4-Recolecci<U+FFFD> de los Productos (Lombrices y lombricompuestos)."
"63","a1D36000003yMFgEAM","Lombricultivo con Pulpa de Caf<U+FFFD> 1-Infraestructura"
"64","a1D36000003UphQEAS","CULTIVO DE CAFE GENERALIDADES DEL CAFE ORIGEN DEL CAFE"
"65","a1D36000003UqJEEA0","CULTIVO DE CAFE GENERALIDADES DEL CAFE ORIGEN DEL CAFE"
"66","a1D36000003UqYPEA0","CULTIVO DE CAFE GENERALIDADES DEL CAFE MORFOLOG<U+FFFD> Flor Floraci<U+FFFD> zonas cafeteras"
"67","a1D36000003UqfnEAC","CULTIVO DE CAFE MANEJO Y PRODUCCI<U+FFFD> Preparaci<U+FFFD> del terreno Ahoyado"
"68","a1D36000003wqgCEAQ","Best Practices Fertlization"
"69","a1D36000003wqgDEAQ","Best Practices Pruning"
"70","a1D36000003wqgEEAQ","Best Practices Fertlization"
"71","a1D36000003yP5mEAE","CULTIVO DE CAF<U+FFFD> BUENAS PR<U+FFFD>CTICAS AGR<U+FFFD>OLAS BPAs - Manejo de suelos"
"72","a1D36000003yP5nEAE","FACTOR DE RENDIMIENTO Que es el Factor de Rendimiento?"
"73","a1D36000003yP5wEAE","Descripci<U+FFFD> General y Construcci<U+FFFD>"
"74","a1D36000003yP5xEAE","Descripci<U+FFFD> General y Construcci<U+FFFD>"
"75","a1D36000003yP5yEAE","Descripci<U+FFFD> General y Construcci<U+FFFD>"
"76","a1D36000003yipcEAA","Datos Importantes de la trampa"
"77","a1D36000003yipdEAA","FACTOR DE RENDIMIENTO Tipo de Almendras Defectuosas Decolorado Reposado"
"78","a1D36000003yipeEAA","FACTOR DE RENDIMIENTO Tipo de Almendras Defectuosas Negro total o parcial"
"79","a1D36000003yipfEAA","FACTOR DE RENDIMIENTO Tipo de Almendras Defectuosas Averanado o Arrugado"
"80","a1D36000003yipgEAA","FACTOR DE RENDIMIENTO Tipo de Almendras Defectuosas Cristalizado"
"81","a1D36000003yiphEAA","FACTOR DE RENDIMIENTO Tipo de Almendras Defectuosas Vinagre o Parcialmente Vinagre"
"82","a1D36000003yipiEAA","FACTOR DE RENDIMIENTO Tipo de Almendras Defectuosas Aplastado"
"83","a1D36000003yipjEAA","FACTOR DE RENDIMIENTO Tipo de Almendras Defectuosas Aplastado"
"84","a1D36000003yipkEAA","FACTOR DE RENDIMIENTO Tipo de Almendras Defectuosas Aplastado"
"85","a1D36000003yiplEAA","FACTOR DE RENDIMIENTO Calculo del Factor de Rendimiento"
"86","a1D36000003VAdFEAW","CULTIVO DE CAF<U+FFFD> SANIDAD DEL CAFETAL PLAGAS DEL CAF<U+FFFD>Broca Control de la Broca Control biol<U+FFFD>ico"
"87","a1D36000003VAdGEAW","CULTIVO DE CAF<U+FFFD> SANIDAD DEL CAFETAL PLAGAS DEL CAF<U+FFFD>Broca Caracter<U+FFFD>ticas de la Broca"
"88","a1D36000003xh9WEAQ","CULTIVO DE CAF<U+FFFD> CAF<U+FFFD> ESPECIALES Sellos de Caf<U+FFFD>Especial en el Mundo Caf<U+FFFD>Especial - Sostenible Caf<U+FFFD>Especial - Amigables con las Aves Requisitos"
"89","a1D36000003xiOfEAI","CULTIVO DE CAF<U+FFFD> BUENAS PR<U+FFFD>CTICAS AGR<U+FFFD>OLAS BPAs - Fertilizaci<U+FFFD>"
"90","a1D36000003yAZxEAM","ALTERNATIVAS DE BIOPREPARADOS Bioinsecticidas Soluci<U+FFFD> de Tabaco Fermentada"
"91","a1D36000003xicwEAA","FACTOR DE RENDIMIENTO Calculo del Factor de Rendimiento"
"92","a1D36000003xiedEAA","FACTOR DE RENDIMIENTO Calculo del Factor de Rendimiento"
"93","a1D36000003xieeEAA","CULTIVO DE CAF<U+FFFD> CAF<U+FFFD> ESPECIALES Sellos de Caf<U+FFFD>Especial en el Mundo Caf<U+FFFD>Especial - Verificaciones Caracter<U+FFFD>ticas de la Verificaci<U+FFFD> Starbucks - Cafe Practices"
"94","a1D36000003xiefEAA","CULTIVO DE CAF<U+FFFD> COSECHA y POSCOSECHA Zaranda"
"95","a1D36000003xiegEAA","CULTIVO DE CAF<U+FFFD> MANEJO Y PRODUCCI<U+FFFD>. Almacigo."
"96","a1D36000003xiehEAA","CULTIVO DE CAF<U+FFFD> BUENAS PR<U+FFFD>CTICAS AGR<U+FFFD>OLAS BPAs - Fertilizaci<U+FFFD>"
"97","a1D36000003Vn0eEAC","CULTIVO DE CAF<U+FFFD> SANIDAD DEL CAFETAL ENFERMEDADES DEL CAF<U+FFFD>Ojo de gallo o Gotera Control del Ojo de Gallo o Gotera Control qu<U+FFFD>ico"
"98","a1D36000003Vn0fEAC","CULTIVO DE CAF<U+FFFD> SANIDAD DEL CAFETAL ENFERMEDADES DEL CAF<U+FFFD>Ojo de gallo o Gotera Caracter<U+FFFD>ticas del Ojo de Gallo o Gotera"
"99","a1D36000003Vn0gEAC","CULTIVO DE CAF<U+FFFD> MANEJO Y PRODUCCI<U+FFFD>. Preparaci<U+FFFD> del terreno. Ahoyado."
"100","a1D36000003yr84EAA","CULTIVO DE CAF<U+FFFD> SANIDAD DEL CAFETAL PLAGAS DEL CAF<U+FFFD>Chinche de la Chamusquina Caracter<U+FFFD>ticas del Chinche de la Chamusquina"
"101","a1D36000003yr85EAA","CULTIVO DE CAF<U+FFFD> SANIDAD DEL CAFETAL PLAGAS DEL CAF<U+FFFD>Minador Caracter<U+FFFD>ticas del Minador"
"102","a1D36000003yr86EAA","CULTIVO DE CAF<U+FFFD> SANIDAD DEL CAFETAL PLAGAS DEL CAF<U+FFFD>Nematodos Caracter<U+FFFD>ticas de los Nem<U+FFFD>odos"
"103","a1D36000003yr87EAA","CULTIVO DE CAF<U+FFFD> SANIDAD DEL CAFETAL PLAGAS DEL CAF<U+FFFD>Cochinilla Control de la Cochinilla Control cultural"
"104","a1D36000003yr88EAA","CULTIVO DE CAF<U+FFFD> SANIDAD DEL CAFETAL PLAGAS DEL CAF<U+FFFD>Cochinilla Caracter<U+FFFD>ticas de la Cochinilla"
"105","a1D36000003yr89EAA","CULTIVO DE CAF<U+FFFD> COSECHA y POSCOSECHA Recolecci<U+FFFD> Tipos de Recolecci<U+FFFD> Recolecci<U+FFFD> Mec<U+FFFD>ica Cifarelli SC 700"
"106","a1D36000003yr8AEAQ","CULTIVO DE CAF<U+FFFD> COSECHA y POSCOSECHA Recolecci<U+FFFD> Tipos de Recolecci<U+FFFD> Recolecci<U+FFFD> Manual M<U+FFFD>odo tradicional"
"107","a1D36000003yr8BEAQ","CULTIVO DE CAF<U+FFFD> COSECHA y POSCOSECHA Recolecci<U+FFFD> Tipos de Recolecci<U+FFFD> Recolecci<U+FFFD> Manual Metodo Aroandes"
"108","a1D36000003yr8CEAQ","CULTIVO DE CAF<U+FFFD> COSECHA y POSCOSECHA Recolecci<U+FFFD> Tipos de Recolecci<U+FFFD> Recolecci<U+FFFD> Manual M<U+FFFD>odo mejorado"
"109","a1D36000003yr8DEAQ","CULTIVO DE CAF<U+FFFD> GENERALIDADES DEL CAF<U+FFFD> FASE REPRODUCTIVA DEL CAF<U+FFFD> Generalidades."
"110","a1D36000003yr8EEAQ","FACTOR DE RENDIMIENTO Calculo del Factor de Rendimiento"
"111","a1D36000003yr8FEAQ","FACTOR DE RENDIMIENTO Calculo del Factor de Rendimiento"
"112","a1D36000003yr8GEAQ","FACTOR DE RENDIMIENTO Que es el Factor de Rendimiento?"
"113","a1D36000003yr8HEAQ","FACTOR DE RENDIMIENTO Tipo de Almendras Defectuosas Flojo"
"114","a1D36000003yAdGEAU","ALTERNATIVAS DE BIOPREPARADOS Bioinsecticidas Extracto de Marco o Altamisa (Ambrosia arborescens)."
"115","a1D36000003yAccEAE","ALTERNATIVAS DE BIOPREPARADOS Bioinsecticidas Extracto de Raices de Marigol o Rosa Amarilla (Tagetes erecta)."
"116","a1D36000003Vwo9EAC","FACTOR DE RENDIMIENTO Calculo del Factor de Rendimiento"
"117","a1D36000005CHBfEAO","CULTIVO DE CAF<U+FFFD> REQUERIMIENTOS DEL CULTIVO DE CAF<U+FFFD> Densidad. Generalidades."
"118","a1D36000005CHBgEAO","CULTIVO DE CAF<U+FFFD> REQUERIMIENTOS DEL CULTIVO DE CAF<U+FFFD> Densidad. Generalidades."
"119","a1D36000003z5oUEAQ","CULTIVO DE CAF<U+FFFD> MANEJO Y PRODUCCI<U+FFFD>. Fertilizaci<U+FFFD>. Fertilizaci<U+FFFD> Org<U+FFFD>ica. Importante."
"120","a1D36000003z5oVEAQ","CULTIVO DE CAF<U+FFFD> MANEJO Y PRODUCCI<U+FFFD>. Fertilizaci<U+FFFD>. Fertilizaci<U+FFFD> Org<U+FFFD>ica. Establecimiento y Producci<U+FFFD> del caf<U+FFFD>"
"121","a1D36000003z5oWEAQ","CULTIVO DE CAF<U+FFFD> MANEJO Y PRODUCCI<U+FFFD>. Fertilizaci<U+FFFD>. Fertilizaci<U+FFFD> Org<U+FFFD>ica. En Almacigos."
"122","a1D360000050b2gEAA","ALTERNATIVAS DE BIOPREPARADOS Biofungicidas Decocci<U+FFFD> de Cola de Caballo"
"123","a1D360000050b2hEAA","ALTERNATIVAS DE BIOPREPARADOS Biofertilizantes Biol"
"124","a1D360000050b2iEAA","ALTERNATIVAS DE BIOPREPARADOS Biofertilizantes Extracto de Ortiga"
"125","a1D360000050b2jEAA","ALTERNATIVAS DE BIOPREPARADOS Biofertilizantes Biofertilizante Liquido Enriquecido"
"126","a1D36000003zBmPEAU","FACTOR DE RENDIMIENTO Calculo del Factor de Rendimiento"
"127","a1D36000003zBmQEAU","FACTOR DE RENDIMIENTO Que es el Factor de Rendimiento?"
"128","a1D36000003zBmREAU","FACTOR DE RENDIMIENTO Tipo de Almendras Defectuosas Decolorado <U+FFFD>mbar o Cardenillo"
"129","a1D36000003zBmSEAU","FACTOR DE RENDIMIENTO Calculo del Factor de Rendimiento"
"130","a1D36000003zBmTEAU","FACTOR DE RENDIMIENTO Calculo del Factor de Rendimiento"
"131","a1D360000050b3UEAQ","ALTERNATIVAS DE BIOPREPARADOS Biofertilizantes Pasta Fertilizante para Tronco de Frutales (Biodin<U+FFFD>ico)"
"132","a1D360000050b48EAA","ALTERNATIVAS DE BIOPREPARADOS Bioinsecticidas Extracto de Marco o Altamisa (Ambrosia arborescens)."
"133","a1D360000050b3eEAA","ALTERNATIVAS DE BIOPREPARADOS Biofertilizantes Biol"
"134","a1D360000050b3PEAQ","ALTERNATIVAS DE BIOPREPARADOS Biofertilizantes Fertilizante Enriquecido Super Magro"
"135","a1D360000050b3QEAQ","ALTERNATIVAS DE BIOPREPARADOS Biofertilizantes Humus L<U+FFFD>uido"
"136","a1D36000003xkHREAY","FACTOR DE RENDIMIENTO Calculo del Factor de Rendimiento"
"137","a1D36000003xkIZEAY","CULTIVO DE CAF<U+FFFD> CAF<U+FFFD> ESPECIALES Caf<U+FFFD> Especiales Definici<U+FFFD> de Caf<U+FFFD>Especial"
"138","a1D36000003xkU5EAI","CULTIVO DE CAF<U+FFFD> MANEJO Y PRODUCCI<U+FFFD>. Fertilizaci<U+FFFD>. Fertilizaci<U+FFFD> Org<U+FFFD>ica. En Almacigos."
"139","a1D36000003xkU6EAI","CULTIVO DE CAF<U+FFFD> BUENAS PR<U+FFFD>CTICAS AGR<U+FFFD>OLAS BPAs - Protecci<U+FFFD> del cafetal"
"140","a1D36000003xkU7EAI","CULTIVO DE CAF<U+FFFD> BUENAS PR<U+FFFD>CTICAS AGR<U+FFFD>OLAS BPAs - Fertilizaci<U+FFFD>"
"141","a1D36000003xkU8EAI","CULTIVO DE CAF<U+FFFD> BUENAS PR<U+FFFD>CTICAS AGR<U+FFFD>OLAS BPAs - Definiciones y Conceptos"
"142","a1D36000003xkTXEAY","CULTIVO DE CAF<U+FFFD> SANIDAD DEL CAFETAL PLAGAS DEL CAF<U+FFFD>Broca Control de la Broca Control biol<U+FFFD>ico"
"143","a1D36000003xkTYEAY","CULTIVO DE CAF<U+FFFD> SANIDAD DEL CAFETAL PLAGAS DEL CAF<U+FFFD>Broca Control de la Broca Control cultural"
"144","a1D36000003xkTZEAY","CULTIVO DE CAF<U+FFFD> SANIDAD DEL CAFETAL PLAGAS DEL CAF<U+FFFD>Broca Control de la Broca Control qu<U+FFFD>ico"
"145","a1D36000003xkTaEAI","CULTIVO DE CAF<U+FFFD> SANIDAD DEL CAFETAL PLAGAS DEL CAF<U+FFFD>Broca Caracter<U+FFFD>ticas de la Broca"
"146","a1D36000003xkTbEAI","CULTIVO DE CAF<U+FFFD> CAF<U+FFFD> ESPECIALES Caf<U+FFFD> Especiales Caf<U+FFFD>Descafeinado"
"147","a1D36000003xkTcEAI","CULTIVO DE CAF<U+FFFD> BUENAS PR<U+FFFD>CTICAS AGR<U+FFFD>OLAS BPAs - An<U+FFFD>isis del Riesgo Lista de chequeo, identificaci<U+FFFD>, an<U+FFFD>isis y evaluaci<U+FFFD> de riesgos y plan de acci<U+FFFD> y seguimiento. Riesgos de seguridad"
"148","a1D36000003xkTdEAI","CULTIVO DE CAF<U+FFFD> BUENAS PR<U+FFFD>CTICAS AGR<U+FFFD>OLAS BPAs - An<U+FFFD>isis del Riesgo Identificaci<U+FFFD> del riesgo"
"149","a1D36000003xkTeEAI","CULTIVO DE CAF<U+FFFD> BUENAS PR<U+FFFD>CTICAS AGR<U+FFFD>OLAS BPAs - An<U+FFFD>isis del Riesgo Identificaci<U+FFFD> del riesgo"
"150","a1D36000003xkTfEAI","CULTIVO DE CAF<U+FFFD> BUENAS PR<U+FFFD>CTICAS AGR<U+FFFD>OLAS BPAs - An<U+FFFD>isis del Riesgo Identificaci<U+FFFD> del riesgo"
"151","a1D36000003xkItEAI","CULTIVO DE CAF<U+FFFD> CAF<U+FFFD> ESPECIALES Caf<U+FFFD> Especiales Definici<U+FFFD> de Caf<U+FFFD>Especial"
"152","a1D36000003xkM7EAI","CULTIVO DE CAF<U+FFFD> SANIDAD DEL CAFETAL PLAGAS DEL CAF<U+FFFD>Ara<U+FFFD>ta Roja Control de la Ara<U+FFFD>ta Roja Control qu<U+FFFD>ico"
"153","a1D36000003xkM8EAI","CULTIVO DE CAF<U+FFFD> SANIDAD DEL CAFETAL PLAGAS DEL CAF<U+FFFD>Ara<U+FFFD>ta Roja Control de la Ara<U+FFFD>ta Roja Control biol<U+FFFD>ico"
"154","a1D36000003xkM9EAI","CULTIVO DE CAF<U+FFFD> REQUERIMIENTOS DEL CULTIVO DE CAF<U+FFFD> Cosecha. Tipos de recolecci<U+FFFD> de grano. Aspiradora multifuelle."
"155","a1D36000003xkMAEAY","CULTIVO DE CAF<U+FFFD> MANEJO Y PRODUCCI<U+FFFD>. Almacigo."
"156","a1D36000003xkPVEAY","CULTIVO DE CAF<U+FFFD> BUENAS PR<U+FFFD>CTICAS AGR<U+FFFD>OLAS BPAs - Definiciones y Conceptos"
"157","a1D36000003xkPWEAY","CULTIVO DE CAF<U+FFFD> BUENAS PR<U+FFFD>CTICAS AGR<U+FFFD>OLAS BPAs - Definiciones y Conceptos"
"158","a1D36000003xkIUEAY","CULTIVO DE CAF<U+FFFD> BUENAS PR<U+FFFD>CTICAS AGR<U+FFFD>OLAS BPAs - Fertilizaci<U+FFFD>"
"159","a1D36000003xkIVEAY","CULTIVO DE CAF<U+FFFD> BUENAS PR<U+FFFD>CTICAS AGR<U+FFFD>OLAS BPAs - Definiciones y Conceptos"
"160","a1D36000003xkLEEAY","CULTIVO DE CAF<U+FFFD> BUENAS PR<U+FFFD>CTICAS AGR<U+FFFD>OLAS BPAs - Evaluaci<U+FFFD> Riesgos"
"161","a1D36000003wqHvEAI","Best Practices Pruning"
"162","a1D36000003yPauEAE","Ensilaje de Pulpa de Cafe Descripci<U+FFFD> del Proceso de Ensilaje"
"163","a1D36000003yPavEAE","Ensilaje de Pulpa de Cafe 2 - Tipo de Silo"
"164","a1D36000003yPawEAE","Ensilaje de Pulpa de Cafe 1- Caracteristicas de la Pulpa"
"165","a1D36000003xdkJEAQ","FACTOR DE RENDIMIENTO Calculo del Factor de Rendimiento"
"166","a1D36000003yP5cEAE","FACTOR DE RENDIMIENTO Tipo de Almendras Defectuosas Aplastado"
"167","a1D36000003yQy1EAE","CULTIVO DE CAF<U+FFFD> MANEJO Y PRODUCCI<U+FFFD>. Fertilizaci<U+FFFD>. Importante."
"168","a1D36000003yQy2EAE","CULTIVO DE CAF<U+FFFD> MANEJO Y PRODUCCI<U+FFFD>. Germinador."
"169","a1D36000003yQy3EAE","CULTIVO DE CAF<U+FFFD> COSECHA y POSCOSECHA Lavado Tipos de Lavado Hidrocicl<U+FFFD>"
"170","a1D36000003ykXHEAY","Descripci<U+FFFD> General y Construcci<U+FFFD>"
"171","a1D36000003xidkEAA","FACTOR DE RENDIMIENTO Tipo de Almendras Defectuosas Picado por Insectos"
"172","a1D36000003xidlEAA","FACTOR DE RENDIMIENTO Calculo del Factor de Rendimiento"
"173","a1D36000003xidmEAA","FACTOR DE RENDIMIENTO Calculo del Factor de Rendimiento"
"174","a1D36000003ymIrEAI","Descripci<U+FFFD> General y Construcci<U+FFFD>"
"175","a1D36000003yAaWEAU","ALTERNATIVAS DE BIOPREPARADOS Bioinsecticidas Pur<U+FFFD> de Penca Sabila (Aloe vera)."
"176","a1D36000003xjqkEAA","CULTIVO DE CAF<U+FFFD> CAF<U+FFFD> ESPECIALES Caf<U+FFFD> Especiales Origen del Caf<U+FFFD>Especial"
"177","a1D36000003yskaEAA","Descripci<U+FFFD> General y Construcci<U+FFFD>"
"178","a1D36000003yskbEAA","Datos Importantes de la trampa"
"179","a1D36000003yskcEAA","CULTIVO DE CAF<U+FFFD> BUENAS PR<U+FFFD>CTICAS AGR<U+FFFD>OLAS BPAs - An<U+FFFD>isis del Riesgo Identificaci<U+FFFD> del riesgo"
"180","a1D36000003yqzWEAQ","CULTIVO DE CAF<U+FFFD> MANEJO Y PRODUCCI<U+FFFD>. Germinador."
"181","a1D36000003yqzXEAQ","Descripci<U+FFFD> General y Construcci<U+FFFD>"
"182","a1D36000003wuQcEAI","FACTOR DE RENDIMIENTO Calculo del Factor de Rendimiento"
"183","a1D36000003wuQdEAI","FACTOR DE RENDIMIENTO Calculo del Factor de Rendimiento"
"184","a1D36000005CH7TEAW","CULTIVO DE CAF<U+FFFD> MANEJO Y PRODUCCI<U+FFFD>. Fertilizaci<U+FFFD>. Importante."
"185","a1D36000005CH7UEAW","CULTIVO DE CAF<U+FFFD> REQUERIMIENTOS DEL CULTIVO DE CAF<U+FFFD> Sitio. Suelos."
"186","a1D36000005CH7VEAW","Descripci<U+FFFD> General y Construcci<U+FFFD>"
"187","a1D36000003yAgoEAE","ALTERNATIVAS DE BIOPREPARADOS Bioinsecticidas Infusi<U+FFFD> de Ruda y Hojas de Salvia"
"188","a1D36000003z3J2EAI","CULTIVO DE CAF<U+FFFD> REQUERIMIENTOS DEL CULTIVO DE CAF<U+FFFD> Sitio. Suelos."
"189","a1D36000003z3J3EAI","CULTIVO DE CAF<U+FFFD> BUENAS PR<U+FFFD>CTICAS AGR<U+FFFD>OLAS BPAs - Manejo de suelos"
"190","a1D36000003z7S1EAI","CULTIVO DE CAF<U+FFFD> GENERALIDADES DEL CAF<U+FFFD> FASE REPRODUCTIVA DEL CAF<U+FFFD> Generalidades."
"191","a1D36000003z8r7EAA","CULTIVO DE CAF<U+FFFD> COSECHA y POSCOSECHA Lavado Tipos de Lavado Hidrocicl<U+FFFD>"
"192","a1D36000003z8r9EAA","FACTOR DE RENDIMIENTO Tipo de Almendras Defectuosas Aplastado"
"193","a1D36000003z8rAEAQ","FACTOR DE RENDIMIENTO Calculo del Factor de Rendimiento"
"194","a1D36000003z8rBEAQ","Datos Importantes de la trampa"
"195","a1D36000003z8rCEAQ","CULTIVO DE CAF<U+FFFD> BUENAS PR<U+FFFD>CTICAS AGR<U+FFFD>OLAS BPAs - Impacto medio ambiental de la explotaci<U+FFFD>"
"196","a1D36000003z8r8EAA","FACTOR DE RENDIMIENTO Tipo de Almendras Defectuosas Inmaduro y/o Paloteado"
"197","a1D360000050b69EAA","ALTERNATIVAS DE BIOPREPARADOS Bioinsecticidas Infusi<U+FFFD> de Ruda y Hojas de Salvia"
"198","a1D360000050b2qEAA","ALTERNATIVAS DE BIOPREPARADOS Biofertilizantes Pur<U+FFFD> Fermentado de Ortiga"
"199","a1D360000050b68EAA","ALTERNATIVAS DE BIOPREPARADOS Bioestimulante Enraizador Bioestimulante Dinamizador para Enraizamiento"
"200","a1D360000050b3tEAA","ALTERNATIVAS DE BIOPREPARADOS Biofungicidas Decocci<U+FFFD> de Cola de Caballo"
"201","a1D36000003vpYtEAI","FACTOR DE RENDIMIENTO Tipo de Almendras Defectuosas Aplastado"
"202","a1D36000003vpYuEAI","FACTOR DE RENDIMIENTO Que es el Factor de Rendimiento?"
"203","a1D36000003vpYvEAI","FACTOR DE RENDIMIENTO Calculo del Factor de Rendimiento"
"204","a1D36000003xkHvEAI","CULTIVO DE CAF<U+FFFD> CAF<U+FFFD> ESPECIALES Caf<U+FFFD> Especiales Caf<U+FFFD>Descafeinado"
"205","a1D36000003xkO8EAI","CULTIVO DE CAF<U+FFFD> BUENAS PR<U+FFFD>CTICAS AGR<U+FFFD>OLAS BPAs - Fertilizaci<U+FFFD>"
"206","a1D36000003xkO9EAI","CULTIVO DE CAF<U+FFFD> BUENAS PR<U+FFFD>CTICAS AGR<U+FFFD>OLAS BPAs - Definiciones y Conceptos"
"207","a1D36000003xkOAEAY","CULTIVO DE CAF<U+FFFD> BUENAS PR<U+FFFD>CTICAS AGR<U+FFFD>OLAS BPAs - Definiciones y Conceptos"
"208","a1D36000003xkK1EAI","CULTIVO DE CAF<U+FFFD> BUENAS PR<U+FFFD>CTICAS AGR<U+FFFD>OLAS BPAs - Definiciones y Conceptos"
"209","a1D36000003xkI5EAI","CULTIVO DE CAF<U+FFFD> CAF<U+FFFD> ESPECIALES Caf<U+FFFD> Especiales Caf<U+FFFD>Descafeinado"
"210","a1D36000003xkIPEAY","CULTIVO DE CAF<U+FFFD> CAF<U+FFFD> ESPECIALES Caf<U+FFFD> Especiales Origen del Caf<U+FFFD>Especial"
"211","a1D36000003xkIFEAY","CULTIVO DE CAF<U+FFFD> CAF<U+FFFD> ESPECIALES Caf<U+FFFD> Especiales Caf<U+FFFD>Descafeinado"
"212","a1D36000003xNRVEA2","FACTOR DE RENDIMIENTO Tipo de Almendras Defectuosas Cardenillo"
"213","a1D36000003xNRWEA2","Pests Japanese Beetle"
"214","a1D36000003xNRXEA2","Pests Termite"
"215","a1D36000003xlloEAA","CULTIVO DE CAF<U+FFFD> SANIDAD DEL CAFETAL ENFERMEDADES DEL CAF<U+FFFD>Volcamiento Control del Volcamiento Control cultural"
"216","a1D36000003xlgeEAA","CULTIVO DE CAF<U+FFFD> REQUERIMIENTOS DEL CULTIVO DE CAF<U+FFFD> Cosecha. Tipos de recolecci<U+FFFD> de grano. Raselca II."
"217","a1D36000003xlgfEAA","CULTIVO DE CAF<U+FFFD> REQUERIMIENTOS DEL CULTIVO DE CAF<U+FFFD> Beneficio."
"218","a1D36000003xlm8EAA","FACTOR DE RENDIMIENTO Tipo de Almendras Defectuosas Inmaduro y/o Paloteado"
"219","a1D36000005CorhEAC","Compostaje de Pulpa de Caf<U+FFFD> Pasos para elaborar el compostaje"
"220","a1D36000005CoriEAC","Compostaje de Pulpa de Caf<U+FFFD> Importancia de la Materia Org<U+FFFD>ica"
"221","a1D36000005CorjEAC","Compostaje de Pulpa de Caf<U+FFFD> Caracter<U+FFFD>ticas del Compostaje"
"222","a1D36000005CorkEAC","Descripci<U+FFFD> General y Construcci<U+FFFD>"
"223","a1D36000005CorlEAC","Datos Importantes de la trampa"
"224","a1D36000005CormEAC","FACTOR DE RENDIMIENTO Calculo del Factor de Rendimiento"
"225","a1D36000005CornEAC","FACTOR DE RENDIMIENTO Tipo de Almendras Defectuosas Vinagre o Parcialmente Vinagre"
"226","a1D36000005CoroEAC","ALTERNATIVAS DE BIOPREPARADOS Biofertilizantes Humus L<U+FFFD>uido"
"227","a1D36000005CorpEAC","ALTERNATIVAS DE BIOPREPARADOS Bioestimulante Enraizador Bioestimulante Dinamizador para Enraizamiento"
"228","a1D36000003y7BkEAI","CULTIVO DE CAF<U+FFFD> SANIDAD DEL CAFETAL PLAGAS DEL CAF<U+FFFD>Cochinilla Caracter<U+FFFD>ticas de la Cochinilla"
"229","a1D36000003y7BlEAI","CULTIVO DE CAF<U+FFFD> BUENAS PR<U+FFFD>CTICAS AGR<U+FFFD>OLAS BPAs - Variedades"
"230","a1D36000003y7BmEAI","CULTIVO DE CAF<U+FFFD> COSECHA y POSCOSECHA Despulpado Ventajas del Despulpado SIN AGUA"
"231","a1D36000003y7BnEAI","FACTOR DE RENDIMIENTO Calculo del Factor de Rendimiento"
"232","a1D36000003y7BoEAI","FACTOR DE RENDIMIENTO Calculo del Factor de Rendimiento"
"233","a1D36000003y7BpEAI","FACTOR DE RENDIMIENTO Calculo del Factor de Rendimiento"
"234","a1D36000003y7BqEAI","FACTOR DE RENDIMIENTO Tipo de Almendras Defectuosas Aplastado"
"235","a1D36000003y7BrEAI","FACTOR DE RENDIMIENTO Que es el Factor de Rendimiento?"
"236","a1D36000003y7BsEAI","Descripci<U+FFFD> General y Construcci<U+FFFD>"
"237","a1D36000003y7BtEAI","Datos Importantes de la trampa"
"238","a1D36000003y76VEAQ","Datos Importantes de la trampa"
"239","a1D36000003y7eKEAQ","ALTERNATIVAS DE BIOPREPARADOS Caldo Bordeles"
"240","a1D36000003xBhBEAU","CULTIVO DE CAF<U+FFFD> CAF<U+FFFD> ESPECIALES Sellos de Caf<U+FFFD>Especial en el Mundo Caf<U+FFFD>Especial - Sostenible Caf<U+FFFD>Especial - Comercio Justo Compromisos del caficultor"
"241","a1D36000003xBhCEAU","CULTIVO DE CAF<U+FFFD> CAF<U+FFFD> ESPECIALES Sellos de Caf<U+FFFD>Especial en el Mundo Caf<U+FFFD>Especial - Sostenible Caf<U+FFFD>Especial - Comercio Justo Objetivo de caf<U+FFFD>Comercio Justo"
"242","a1D36000003xBhDEAU","CULTIVO DE CAF<U+FFFD> CAF<U+FFFD> ESPECIALES Sellos de Caf<U+FFFD>Especial en el Mundo Caf<U+FFFD>Especial - Sostenible Caf<U+FFFD>Especial - Comercio Justo Compromisos del caficultor"
"243","a1D36000003xBhEEAU","CULTIVO DE CAF<U+FFFD> CAF<U+FFFD> ESPECIALES Sellos de Caf<U+FFFD>Especial en el Mundo Caf<U+FFFD>Especial - Sostenible Caf<U+FFFD>Especial - Comercio Justo Caracter<U+FFFD>ticas del caf<U+FFFD>Comercio Justo"
"244","a1D36000003xBhFEAU","CULTIVO DE CAF<U+FFFD> CAF<U+FFFD> ESPECIALES Caf<U+FFFD> Especiales Caf<U+FFFD>Descafeinado"
"245","a1D36000003xBhGEAU","FACTOR DE RENDIMIENTO Calculo del Factor de Rendimiento"
"246","a1D36000003xBf0EAE","CULTIVO DE CAF<U+FFFD> CAF<U+FFFD> ESPECIALES Sellos de Caf<U+FFFD>Especial en el Mundo Caf<U+FFFD>Especial - Verificaciones Caracter<U+FFFD>ticas de la Verificaci<U+FFFD> Starbucks - Cafe Practices"
"247","a1D36000003xBf1EAE","CULTIVO DE CAF<U+FFFD> CAF<U+FFFD> ESPECIALES Sellos de Caf<U+FFFD>Especial en el Mundo Caf<U+FFFD>Especial - Preparaci<U+FFFD> Regionales"
"248","a1D36000003xBf2EAE","CULTIVO DE CAF<U+FFFD> CAF<U+FFFD> ESPECIALES Sellos de Caf<U+FFFD>Especial en el Mundo Caf<U+FFFD>Especial - Preparaci<U+FFFD> Caracol"
"249","a1D36000003xBf3EAE","Best Practices Fertlization"
"250","a1D36000003y7SnEAI","ALTERNATIVAS DE BIOPREPARADOS Bioestimulante Dinamizador para Enraizamiento"
"251","a1D3600000511TLEAY","CULTIVO DE CAF<U+FFFD> GENERALIDADES DEL CAF<U+FFFD> TAXONOM<U+FFFD> DEL CAF<U+FFFD>"
"252","a1D3600000511TMEAY","CULTIVO DE CAF<U+FFFD> GENERALIDADES DEL CAF<U+FFFD> ORIGEN DEL CAF<U+FFFD>"
"253","a1D3600000513KyEAI","CULTIVO DE CAF<U+FFFD> SANIDAD DEL CAFETAL PLAGAS DEL CAF<U+FFFD>Broca Caracter<U+FFFD>ticas de la Broca"
"254","a1D3600000513KzEAI","CULTIVO DE CAF<U+FFFD> SANIDAD DEL CAFETAL PLAGAS DEL CAF<U+FFFD>Broca Control de la Broca Control cultural"
"255","a1D3600000513L0EAI","CULTIVO DE CAF<U+FFFD> SANIDAD DEL CAFETAL PLAGAS DEL CAF<U+FFFD>Broca Control de la Broca Control qu<U+FFFD>ico"
"256","a1D3600000513L1EAI","CULTIVO DE CAF<U+FFFD> SANIDAD DEL CAFETAL PLAGAS DEL CAF<U+FFFD>Broca Control de la Broca Control biol<U+FFFD>ico"
"257","a1D3600000513L2EAI","Descripci<U+FFFD> General y Construcci<U+FFFD>"
"258","a1D3600000513L3EAI","Datos Importantes de la trampa"
"259","a1D3600000513L4EAI","FACTOR DE RENDIMIENTO Calculo del Factor de Rendimiento"
"260","a1D3600000514kTEAQ","Compostaje de Pulpa de Caf<U+FFFD> Caracter<U+FFFD>ticas del Compostaje"
"261","a1D36000003y7LwEAI","Descripci<U+FFFD> General y Construcci<U+FFFD>"
"262","a1D36000003y7LxEAI","Descripci<U+FFFD> General y Construcci<U+FFFD>"
"263","a1D36000003y7LyEAI","Descripci<U+FFFD> General y Construcci<U+FFFD>"
"264","a1D36000003y7LzEAI","Datos Importantes de la trampa"
"265","a1D36000003y7XJEAY","ALTERNATIVAS DE BIOPREPARADOS Bioestimulante Dinamizador para Enraizamiento"
"266","a1D36000003y7SEEAY","ALTERNATIVAS DE BIOPREPARADOS Bioestimulante Dinamizador para Enraizamiento"
"267","a1D36000003y7SFEAY","ALTERNATIVAS DE BIOPREPARADOS Bioestimulante Dinamizador para Enraizamiento"
"268","a1D36000003y7gGEAQ","ALTERNATIVAS DE BIOPREPARADOS Biofungicidas Caldo Bordeles"
"269","a1D36000003y7gHEAQ","ALTERNATIVAS DE BIOPREPARADOS Bioestimulante Enraizador Bioestimulante Dinamizador para Enraizamiento"
"270","a1D36000003y7X4EAI","ALTERNATIVAS DE BIOPREPARADOS Bioestimulante Dinamizador para Enraizamiento"
"271","a1D36000003y7X5EAI","ALTERNATIVAS DE BIOPREPARADOS Bioestimulante Dinamizador para Enraizamiento"
"272","a1D36000003y7gkEAA","ALTERNATIVAS DE BIOPREPARADOS Biofertilizantes Biofertilizante Liquido Enriquecido"
"273","a1D36000003y7ZKEAY","ALTERNATIVAS DE BIOPREPARADOS Bioestimulante Dinamizador para Enraizamiento"
"274","a1D36000003xNRLEA2","CULTIVO DE CAF<U+FFFD> CAF<U+FFFD> ESPECIALES Caf<U+FFFD> Especiales Caf<U+FFFD>Descafeinado"
"275","a1D36000003xNRMEA2","Best Practices Storage"
"276","a1D36000003xNRNEA2","Best Practices Pruning"
"277","a1D36000003xNROEA2","Best Practices Fertlization"
"278","a1D36000003xoOPEAY","CULTIVO DE CAF<U+FFFD> BUENAS PR<U+FFFD>CTICAS AGR<U+FFFD>OLAS BPAs - An<U+FFFD>isis del Riesgo Identificaci<U+FFFD> del riesgo"
"279","a1D36000003xpCXEAY","FACTOR DE RENDIMIENTO Tipo de Almendras Defectuosas Aplastado"
"280","a1D36000003xpCYEAY","FACTOR DE RENDIMIENTO Calculo del Factor de Rendimiento"
"281","a1D36000003xpCZEAY","CULTIVO DE CAF<U+FFFD> GENERALIDADES DEL CAF<U+FFFD> FASE REPRODUCTIVA DEL CAF<U+FFFD> Generalidades."
"282","a1D36000003xuW0EAI","CULTIVO DE CAF<U+FFFD> MANEJO Y PRODUCCI<U+FFFD>. Fertilizaci<U+FFFD>. Fertilizaci<U+FFFD> Qu<U+FFFD>ica. Fertilizaci<U+FFFD> en Producci<U+FFFD>."
"283","a1D36000003xvJwEAI","CULTIVO DE CAF<U+FFFD> CAF<U+FFFD> ESPECIALES Caf<U+FFFD> Especiales Definici<U+FFFD> de Caf<U+FFFD>Especial"
"284","a1D36000003yB7aEAE","ALTERNATIVAS DE BIOPREPARADOS Biofertilizantes Pasta Fertilizante para Tronco de Frutales (Biodin<U+FFFD>ico)"
"285","a1D36000003yB7bEAE","ALTERNATIVAS DE BIOPREPARADOS Biofertilizantes Humus L<U+FFFD>uido"
"286","a1D36000003yB7cEAE","FORMAS DE ACCI<U+FFFD> DE LOS BIOPREPARADOS"
"287","a1D36000003yB7dEAE","FORMAS DE ACCI<U+FFFD> DE LOS BIOPREPARADOS"
"288","a1D36000003yB7eEAE","FORMAS DE ACCI<U+FFFD> DE LOS BIOPREPARADOS"
"289","a1D36000003yB7fEAE","ALTERNATIVAS DE BIOPREPARADOS Bioestimulante Enraizador Bioestimulante Dinamizador para Enraizamiento"
"290","a1D36000003y8j9EAA","FORMAS DE ACCI<U+FFFD> DE LOS BIOPREPARADOS"
"291","a1D36000003y8oOEAQ","ALTERNATIVAS DE BIOPREPARADOS Biofertilizantes BIOL"
"292","a1D36000003xxuGEAQ","FACTOR DE RENDIMIENTO Que es el Factor de Rendimiento?"
"293","a1D36000003xxuHEAQ","CULTIVO DE CAF<U+FFFD> SANIDAD DEL CAFETAL PLAGAS DEL CAF<U+FFFD>Ara<U+FFFD>ta Roja Control de la Ara<U+FFFD>ta Roja Control qu<U+FFFD>ico"
"294","a1D36000003xxuFEAQ","FACTOR DE RENDIMIENTO Calculo del Factor de Rendimiento"
"295","a1D36000003xxuIEAQ","CULTIVO DE CAF<U+FFFD> SANIDAD DEL CAFETAL PLAGAS DEL CAF<U+FFFD>Ara<U+FFFD>ta Roja Caracter<U+FFFD>ticas de la Ara<U+FFFD>ta Roja"
"296","a1D36000003xn8yEAA","CULTIVO DE CAF<U+FFFD> MANEJO Y PRODUCCI<U+FFFD>. Renovaci<U+FFFD> de Cafetales Renovaci<U+FFFD> por Poda Renovaci<U+FFFD> por Descope"
"297","a1D36000003xn8zEAA","CULTIVO DE CAF<U+FFFD> MANEJO Y PRODUCCI<U+FFFD>. Preparaci<U+FFFD> del terreno. Siembra."
"298","a1D36000003xn90EAA","CULTIVO DE CAF<U+FFFD> MANEJO Y PRODUCCI<U+FFFD>. Preparaci<U+FFFD> del terreno. Generalidades."
"299","a1D36000003xn91EAA","CULTIVO DE CAF<U+FFFD> MANEJO Y PRODUCCI<U+FFFD>. Preparaci<U+FFFD> del terreno. Generalidades."
"300","a1D36000003y9GXEAY","ALTERNATIVAS DE BIOPREPARADOS Biofungicidas Decocci<U+FFFD> de Cola de Caballo"
"301","a1D36000006IPLiEAO","Datos Importantes de la trampa."
"302","a1D36000006IPLjEAO","Pasos para contrucci<U+FFFD>."
"303","a1D36000006IPLkEAO","Objetivo y Materiales."
"304","a1D36000003zEzhEAE","Ensilaje de Pulpa de Cafe Descripci<U+FFFD> del Proceso de Ensilaje"
"305","a1D36000003zEziEAE","Ensilaje de Pulpa de Cafe 4 - Salida de Lixiviados"
"306","a1D36000003zEzjEAE","Ensilaje de Pulpa de Cafe 3 - Llenado y Sellado del Silo"
"307","a1D36000003zEzkEAE","Ensilaje de Pulpa de Cafe 2 - Tipo de Silo"
"308","a1D36000003zEzlEAE","Ensilaje de Pulpa de Cafe 1- Caracteristicas de la Pulpa"
"309","a1D36000003zEzmEAE","ALTERNATIVAS DE BIOPREPARADOS Bioestimulante Enraizador Bioestimulante Dinamizador para Enraizamiento"
"310","a1D36000003xlmDEAQ","FACTOR DE RENDIMIENTO Tipo de Almendras Defectuosas Flojo"
"311","a1D36000003xlljEAA","CULTIVO DE CAF<U+FFFD> SANIDAD DEL CAFETAL ENFERMEDADES DEL CAF<U+FFFD>Volcamiento Caracter<U+FFFD>ticas del Volcamiento"
"312","a1D36000003xllyEAA","FACTOR DE RENDIMIENTO Calculo del Factor de Rendimiento"
"313","a1D36000003xlltEAA","CULTIVO DE CAF<U+FFFD> SANIDAD DEL CAFETAL ENFERMEDADES DEL CAF<U+FFFD>Volcamiento Control del Volcamiento Control qu<U+FFFD>ico"
"314","a1D3600000510CuEAI","Datos Importantes de la trampa"
"315","a1D36000003zNDWEA2","CULTIVO DE CAF<U+FFFD> CAF<U+FFFD> ESPECIALES Caf<U+FFFD> Especiales Caf<U+FFFD>Org<U+FFFD>ico"
"316","a1D36000003xn2HEAQ","FACTOR DE RENDIMIENTO Calculo del Factor de Rendimiento"
"317","a1D36000003xn2IEAQ","FACTOR DE RENDIMIENTO Que es el Factor de Rendimiento?"
"318","a1D36000003xn2JEAQ","FACTOR DE RENDIMIENTO Tipo de Almendras Defectuosas Vinagre o Parcialmente Vinagre"
"319","a1D3600000511T1EAI","ALTERNATIVAS DE BIOPREPARADOS Bioestimulante Enraizador Bioestimulante Dinamizador para Enraizamiento"
"320","a1D36000003y7XTEAY","ALTERNATIVAS DE BIOPREPARADOS Bioestimulante Dinamizador para Enraizamiento"
"321","a1D36000003y7SOEAY","ALTERNATIVAS DE BIOPREPARADOS Bioestimulante Dinamizador para Enraizamiento"
"322","a1D36000003y7XiEAI","ALTERNATIVAS DE BIOPREPARADOS Bioestimulante Dinamizador para Enraizamiento"
"323","a1D36000003xLfJEAU","Pests Japanese Beetle"
"324","a1D36000003xLfKEAU","Pests Termite"
"325","a1D36000003xLfLEAU","FACTOR DE RENDIMIENTO Que es el Factor de Rendimiento?"
"326","a1D36000003y7XYEAY","ALTERNATIVAS DE BIOPREPARADOS Bioestimulante Dinamizador para Enraizamiento"
"327","a1D36000003y7SdEAI","ALTERNATIVAS DE BIOPREPARADOS Bioestimulante Dinamizador para Enraizamiento"
"328","a1D36000003y7YMEAY","Datos Importantes de la trampa"
"329","a1D36000003y7YNEAY","FACTOR DE RENDIMIENTO Tipo de Almendras Defectuosas Aplastado"
"330","a1D36000003xNYqEAM","Pests Termite"
"331","a1D36000003xNYrEAM","Disease Browning Leaves"
"332","a1D36000003xNYsEAM","Best Practices Fertlization"
"333","a1D36000003xNYtEAM","Best Practices Storage"
"334","a1D36000003xNYuEAM","Best Practices Pruning"
"335","a1D36000003xNYvEAM","Best Practices Fertlization"
"336","a1D36000003y8hNEAQ","ALTERNATIVAS DE BIOPREPARADOS Biofungicidas Caldo Bordeles"
"337","a1D36000003xnroEAA","CULTIVO DE CAF<U+FFFD> SANIDAD DEL CAFETAL PLAGAS DEL CAF<U+FFFD>Ara<U+FFFD>ta Roja Caracter<U+FFFD>ticas de la Ara<U+FFFD>ta Roja"
"338","a1D36000003xnrpEAA","CULTIVO DE CAF<U+FFFD> SANIDAD DEL CAFETAL PLAGAS DEL CAF<U+FFFD>Ara<U+FFFD>ta Roja Caracter<U+FFFD>ticas de la Ara<U+FFFD>ta Roja"
"339","a1D36000003xnrqEAA","CULTIVO DE CAF<U+FFFD> SANIDAD DEL CAFETAL PLAGAS DEL CAF<U+FFFD>Ara<U+FFFD>ta Roja Caracter<U+FFFD>ticas de la Ara<U+FFFD>ta Roja"
"340","a1D36000003xnrrEAA","CULTIVO DE CAF<U+FFFD> SANIDAD DEL CAFETAL ENFERMEDADES DEL CAF<U+FFFD>Llagas Tipos de Llagas en Caf<U+FFFD>Llaga Macana Caracter<U+FFFD>ticas de la Llaga Macana"
"341","a1D36000003xnrsEAA","CULTIVO DE CAF<U+FFFD> SANIDAD DEL CAFETAL PLAGAS DEL CAF<U+FFFD>Babosas Caracter<U+FFFD>ticas de la Babosa"
"342","a1D36000003xnrtEAA","CULTIVO DE CAF<U+FFFD> BUENAS PR<U+FFFD>CTICAS AGR<U+FFFD>OLAS BPAs - Higiene e Inocuidad del caf<U+FFFD>Despu<U+FFFD> de la cosecha Por desmucilaginador"
"343","a1D36000003xnruEAA","CULTIVO DE CAF<U+FFFD> BUENAS PR<U+FFFD>CTICAS AGR<U+FFFD>OLAS BPAs - Higiene e Inocuidad del caf<U+FFFD>Despu<U+FFFD> de la cosecha Almacenamiento"
"344","a1D36000003xo3hEAA","FACTOR DE RENDIMIENTO Calculo del Factor de Rendimiento"
"345","a1D36000003xo8DEAQ","CULTIVO DE CAF<U+FFFD> CAF<U+FFFD> ESPECIALES Caf<U+FFFD> Especiales Definici<U+FFFD> de Caf<U+FFFD>Especial"
"346","a1D36000003xo8EEAQ","CULTIVO DE CAF<U+FFFD> REQUERIMIENTOS DEL CULTIVO DE CAF<U+FFFD> Variedades de caf<U+FFFD> Variedades de porte bajo. Castillo. Generalidades"
"347","a1D36000003xo8FEAQ","CULTIVO DE CAF<U+FFFD> REQUERIMIENTOS DEL CULTIVO DE CAF<U+FFFD> Densidad. Generalidades."
"348","a1D36000003xnxAEAQ","CULTIVO DE CAF<U+FFFD> BUENAS PR<U+FFFD>CTICAS AGR<U+FFFD>OLAS BPAs - Uso de Energ<U+FFFD>"
"349","a1D36000003xnxBEAQ","CULTIVO DE CAF<U+FFFD> BUENAS PR<U+FFFD>CTICAS AGR<U+FFFD>OLAS BPAs - An<U+FFFD>isis del Riesgo Lista de chequeo, identificaci<U+FFFD>, an<U+FFFD>isis y evaluaci<U+FFFD> de riesgos y plan de acci<U+FFFD> y seguimiento. Riesgos ergon<U+FFFD>icos (asociados a la postura del cuerpo)"
"350","a1D36000003xnxCEAQ","CULTIVO DE CAF<U+FFFD> BUENAS PR<U+FFFD>CTICAS AGR<U+FFFD>OLAS BPAs - An<U+FFFD>isis del Riesgo Lista de chequeo, identificaci<U+FFFD>, an<U+FFFD>isis y evaluaci<U+FFFD> de riesgos y plan de acci<U+FFFD> y seguimiento. Riesgos de seguridad"
"351","a1D36000003xnxDEAQ","CULTIVO DE CAF<U+FFFD> BUENAS PR<U+FFFD>CTICAS AGR<U+FFFD>OLAS BPAs - An<U+FFFD>isis del Riesgo Identificaci<U+FFFD> del riesgo"
"352","a1D36000003xo8XEAQ","FACTOR DE RENDIMIENTO Tipo de Almendras Defectuosas Flojo"
"353","a1D36000003xo8YEAQ","FACTOR DE RENDIMIENTO Tipo de Almendras Defectuosas Averanado o Arrugado"
"354","a1D36000003xo8ZEAQ","FACTOR DE RENDIMIENTO Tipo de Almendras Defectuosas Averanado o Arrugado"
"355","a1D36000003xo8aEAA","CULTIVO DE CAF<U+FFFD> REQUERIMIENTOS DEL CULTIVO DE CAF<U+FFFD> Beneficio."
"356","a1D36000003xo8bEAA","CULTIVO DE CAF<U+FFFD> SANIDAD DEL CAFETAL PLAGAS DEL CAF<U+FFFD>Ara<U+FFFD>ta Roja Control de la Ara<U+FFFD>ta Roja Control biol<U+FFFD>ico"
"357","a1D36000003xo8cEAA","CULTIVO DE CAF<U+FFFD> SANIDAD DEL CAFETAL PLAGAS DEL CAF<U+FFFD>Ara<U+FFFD>ta Roja Control de la Ara<U+FFFD>ta Roja Control biol<U+FFFD>ico"
"358","a1D36000003xo8dEAA","CULTIVO DE CAF<U+FFFD> SANIDAD DEL CAFETAL PLAGAS DEL CAF<U+FFFD>Ara<U+FFFD>ta Roja Control de la Ara<U+FFFD>ta Roja Control biol<U+FFFD>ico"
"359","a1D36000003xo8eEAA","CULTIVO DE CAF<U+FFFD> SANIDAD DEL CAFETAL PLAGAS DEL CAF<U+FFFD>Ara<U+FFFD>ta Roja Caracter<U+FFFD>ticas de la Ara<U+FFFD>ta Roja"
"360","a1D36000003xo8fEAA","CULTIVO DE CAF<U+FFFD> SANIDAD DEL CAFETAL ENFERMEDADES DEL CAF<U+FFFD>Volcamiento Caracter<U+FFFD>ticas del Volcamiento"
"361","a1D36000003xo8gEAA","CULTIVO DE CAF<U+FFFD> GENERALIDADES DEL CAF<U+FFFD> TAXONOM<U+FFFD> DEL CAF<U+FFFD>"
"362","a1D36000003xo8hEAA","CULTIVO DE CAF<U+FFFD> CAF<U+FFFD> ESPECIALES Caf<U+FFFD> Especiales Caf<U+FFFD>Descafeinado"
"363","a1D36000003xo8iEAA","CULTIVO DE CAF<U+FFFD> CAF<U+FFFD> ESPECIALES Caf<U+FFFD> Especiales Origen del Caf<U+FFFD>Especial"
"364","a1D36000003xo8jEAA","CULTIVO DE CAF<U+FFFD> CAF<U+FFFD> ESPECIALES Caf<U+FFFD> Especiales Caf<U+FFFD>de Alta Tosti<U+FFFD>"
"365","a1D36000003xo8kEAA","CULTIVO DE CAF<U+FFFD> CAF<U+FFFD> ESPECIALES Caf<U+FFFD> Especiales Caf<U+FFFD>Saborizado"
"366","a1D36000003xo8lEAA","CULTIVO DE CAF<U+FFFD> CAF<U+FFFD> ESPECIALES Sellos de Caf<U+FFFD>Especial en el Mundo Caf<U+FFFD>Especial - Sostenible Caf<U+FFFD>Especial - 4C Caracter<U+FFFD>ticas del caf<U+FFFD>4C"
"367","a1D36000003xo8mEAA","CULTIVO DE CAF<U+FFFD> BUENAS PR<U+FFFD>CTICAS AGR<U+FFFD>OLAS BPAs - Uso de Energ<U+FFFD>"
"368","a1D36000003xo8nEAA","CULTIVO DE CAF<U+FFFD> BUENAS PR<U+FFFD>CTICAS AGR<U+FFFD>OLAS BPAs - Uso de Energ<U+FFFD>"
"369","a1D36000003xo8oEAA","CULTIVO DE CAF<U+FFFD> BUENAS PR<U+FFFD>CTICAS AGR<U+FFFD>OLAS BPAs - Uso de Energ<U+FFFD>"
"370","a1D36000003xo8pEAA","CULTIVO DE CAF<U+FFFD> BUENAS PR<U+FFFD>CTICAS AGR<U+FFFD>OLAS BPAs - Variedades"
"371","a1D36000003xo38EAA","CULTIVO DE CAF<U+FFFD> BUENAS PR<U+FFFD>CTICAS AGR<U+FFFD>OLAS BPAs - Definiciones y Conceptos"
"372","a1D36000003xo95EAA","FACTOR DE RENDIMIENTO Calculo del Factor de Rendimiento"
"373","a1D36000003xo96EAA","FACTOR DE RENDIMIENTO Que es el Factor de Rendimiento?"
"374","a1D36000003y9CkEAI","ALTERNATIVAS DE BIOPREPARADOS Biofertilizantes Extracto de Ortiga"
"375","a1D36000003xn93EAA","CULTIVO DE CAF<U+FFFD> MANEJO Y PRODUCCI<U+FFFD>. Preparaci<U+FFFD> del terreno. Ahoyado."
"376","a1D36000003xn94EAA","CULTIVO DE CAF<U+FFFD> MANEJO Y PRODUCCI<U+FFFD>. Fertilizaci<U+FFFD>. Importante."
"377","a1D36000003xn95EAA","CULTIVO DE CAF<U+FFFD> MANEJO Y PRODUCCI<U+FFFD>. Fertilizaci<U+FFFD>. Fertilizaci<U+FFFD> Qu<U+FFFD>ica. Fertilizaci<U+FFFD> en Producci<U+FFFD>."
"378","a1D36000003xn96EAA","CULTIVO DE CAF<U+FFFD> MANEJO Y PRODUCCI<U+FFFD>. Fertilizaci<U+FFFD>. Fertilizaci<U+FFFD> Qu<U+FFFD>ica. Fertilizaci<U+FFFD> en levante."
"379","a1D36000003xn92EAA","CULTIVO DE CAF<U+FFFD> MANEJO Y PRODUCCI<U+FFFD>. Preparaci<U+FFFD> del terreno. Trazo."
"380","a1D36000003yB0YEAU","CULTIVO DE CAF<U+FFFD> CAF<U+FFFD> ESPECIALES Caf<U+FFFD> Especiales Caf<U+FFFD>Org<U+FFFD>ico"
"381","a1D36000003yB0ZEAU","CULTIVO DE CAF<U+FFFD> CAF<U+FFFD> ESPECIALES Caf<U+FFFD> Especiales Caf<U+FFFD>Descafeinado"
"382","a1D36000003yB0aEAE","CULTIVO DE CAF<U+FFFD> CAF<U+FFFD> ESPECIALES Sellos de Caf<U+FFFD>Especial en el Mundo Caf<U+FFFD>Especial - Sostenible Caf<U+FFFD>Especial - 4C Caracter<U+FFFD>ticas del caf<U+FFFD>4C"
"383","a1D36000003yB0bEAE","CULTIVO DE CAF<U+FFFD> CAF<U+FFFD> ESPECIALES Sellos de Caf<U+FFFD>Especial en el Mundo Caf<U+FFFD>Especial - Verificaciones Caracter<U+FFFD>ticas de la Verificaci<U+FFFD> Starbucks - Cafe Practices"
"384","a1D36000003yB0cEAE","Descripci<U+FFFD> General y Construcci<U+FFFD>"
"385","a1D36000003yB0XEAU","CULTIVO DE CAF<U+FFFD> CAF<U+FFFD> ESPECIALES Caf<U+FFFD> Especiales Caf<U+FFFD>Saborizado"
"386","a1D36000003yB0dEAE","Datos Importantes de la trampa"
"387","a1D36000003yB0TEAU","CULTIVO DE CAF<U+FFFD> REQUERIMIENTOS DEL CULTIVO DE CAF<U+FFFD> Densidad. Generalidades."
"388","a1D36000003y9FFEAY","ALTERNATIVAS DE BIOPREPARADOS Biofertilizantes Fertilizante Enriquecido Super Magro"
"389","a1D36000003yB0UEAU","CULTIVO DE CAF<U+FFFD> CAF<U+FFFD> ESPECIALES Caf<U+FFFD> Especiales Origen del Caf<U+FFFD>Especial"
"390","a1D36000003yB0VEAU","CULTIVO DE CAF<U+FFFD> CAF<U+FFFD> ESPECIALES Caf<U+FFFD> Especiales Definici<U+FFFD> de Caf<U+FFFD>Especial"
"391","a1D36000003yB0WEAU","CULTIVO DE CAF<U+FFFD> CAF<U+FFFD> ESPECIALES Caf<U+FFFD> Especiales Caf<U+FFFD>de Alta Tosti<U+FFFD>"
"392","a1D36000003y9H1EAI","ALTERNATIVAS DE BIOPREPARADOS Biofungicidas Infusi<U+FFFD> de Manzanilla"
"393","a1D36000003y9NsEAI","ALTERNATIVAS DE BIOPREPARADOS Bioinsecticidas Resina de Catahua o Ceiba de Agua  (Hura crepitans)"
"394","a1D36000006IQsXEAW","FORMAS DE ACCI<U+FFFD> DE LOS BIOPREPARADOS."
"395","a1D36000006IQsYEAW","Objetivo y Materiales."
"396","a1D36000006IQsZEAW","Pasos para contrucci<U+FFFD>."
"397","a1D36000006IQsaEAG","SECADO CAF<U+FFFD> Tipos de Secado Solar."
"398","a1D36000006IQsbEAG","TIPOS DE CAF<U+FFFD> CAF<U+FFFD>HONEY o MIEL. Caracteristicas."
"399","a1D36000006IQscEAG","Datos Importantes de la trampa."
"400","a1D36000006IQsdEAG","Descripci<U+FFFD> General y Construcci<U+FFFD>."
"401","a1D36000003y9S4EAI","ALTERNATIVAS DE BIOPREPARADOS Bioinsecticidas Extracto Acuoso de Raices y corteza de Barbasco (Lonchpocarpus nicou)"
"402","a1D36000003y9MaEAI","ALTERNATIVAS DE BIOPREPARADOS Bioinsecticidas Aspersi<U+FFFD> con Diluci<U+FFFD> Acuosa de Jab<U+FFFD>"
"403","a1D36000005CMNDEA4","FACTOR DE RENDIMIENTO Calculo del Factor de Rendimiento"
"404","a1D36000005CMNEEA4","ALTERNATIVAS DE BIOPREPARADOS Bioinsecticidas Bokashi"
"405","a1D36000005CMNFEA4","CULTIVO DE CAF<U+FFFD> CAF<U+FFFD> ESPECIALES Sellos de Caf<U+FFFD>Especial en el Mundo Caf<U+FFFD>Especial - Sostenible Caf<U+FFFD>Especial - Amigables con las Aves Requisitos"
"406","a1D36000003V767EAC","CULTIVO DE CAF<U+FFFD> GENERALIDADES DEL CAF<U+FFFD> MORFOLOG<U+FFFD>. Fruto. Factores que afectan el desarrollo del fruto"
"407","a1D36000003V768EAC","CULTIVO DE CAF<U+FFFD> GENERALIDADES DEL CAF<U+FFFD> MORFOLOG<U+FFFD>. Fruto. Factores que afectan el desarrollo del fruto"
"408","a1D36000003xoYeEAI","CULTIVO DE CAF<U+FFFD> COSECHA y POSCOSECHA Secado Tipos de Secado Secado al Sol"
"409","a1D36000003xoYfEAI","CULTIVO DE CAF<U+FFFD> COSECHA y POSCOSECHA Secado Tipos de Secado Secado Mec<U+FFFD>ico"
"410","a1D36000003xoYgEAI","CULTIVO DE CAF<U+FFFD> COSECHA y POSCOSECHA Zaranda"
"411","a1D36000003xoYhEAI","CULTIVO DE CAF<U+FFFD> CAF<U+FFFD> ESPECIALES Sellos de Caf<U+FFFD>Especial en el Mundo Caf<U+FFFD>Especial - Verificaciones Caracter<U+FFFD>ticas de la Verificaci<U+FFFD> Starbucks - Cafe Practices"
"412","a1D36000003xoYiEAI","FACTOR DE RENDIMIENTO Tipo de Almendras Defectuosas Averanado o Arrugado"
"413","a1D36000003xoYjEAI","FACTOR DE RENDIMIENTO Que es el Factor de Rendimiento?"
"414","a1D36000003xoYkEAI","FACTOR DE RENDIMIENTO Calculo del Factor de Rendimiento"
"415","a1D36000003xoYlEAI","FACTOR DE RENDIMIENTO Calculo del Factor de Rendimiento"
"416","a1D36000003xuU6EAI","CULTIVO DE CAF<U+FFFD> REQUERIMIENTOS DEL CULTIVO DE CAF<U+FFFD> Variedades de caf<U+FFFD> Variedades de porte bajo. Castillo. Generalidades"
"417","a1D36000003xuU7EAI","CULTIVO DE CAF<U+FFFD> REQUERIMIENTOS DEL CULTIVO DE CAF<U+FFFD> Variedades de caf<U+FFFD> Variedades de porte bajo. Caturra."
"418","a1D36000003xuU8EAI","CULTIVO DE CAF<U+FFFD> REQUERIMIENTOS DEL CULTIVO DE CAF<U+FFFD> Variedades de caf<U+FFFD> Variedades de porte bajo. Colombia."
"419","a1D36000003xuU9EAI","CULTIVO DE CAF<U+FFFD> REQUERIMIENTOS DEL CULTIVO DE CAF<U+FFFD> Variedades de caf<U+FFFD> Variedades de porte bajo. Tab<U+FFFD>"
"420","a1D36000003xuUAEAY","CULTIVO DE CAF<U+FFFD> SANIDAD DEL CAFETAL ENFERMEDADES DEL CAF<U+FFFD>Roya Control de la Roya Control qu<U+FFFD>ico"
"421","a1D36000003xuUBEAY","CULTIVO DE CAF<U+FFFD> SANIDAD DEL CAFETAL ENFERMEDADES DEL CAF<U+FFFD>Roya Control de la Roya Control cultural"
"422","a1D36000003xuUCEAY","CULTIVO DE CAF<U+FFFD> SANIDAD DEL CAFETAL ENFERMEDADES DEL CAF<U+FFFD>Roya Control de la Roya Control biol<U+FFFD>ico"
"423","a1D36000003xuUDEAY","CULTIVO DE CAF<U+FFFD> SANIDAD DEL CAFETAL ENFERMEDADES DEL CAF<U+FFFD>Roya Caracter<U+FFFD>ticas de la Roya"
"424","a1D36000003xuUEEAY","CULTIVO DE CAF<U+FFFD> SANIDAD DEL CAFETAL PLAGAS DEL CAF<U+FFFD>Minador Caracter<U+FFFD>ticas del Minador"
"425","a1D36000003xuUFEAY","CULTIVO DE CAF<U+FFFD> GENERALIDADES DEL CAF<U+FFFD> TAXONOM<U+FFFD> DEL CAF<U+FFFD>"
"426","a1D36000003xuUGEAY","CULTIVO DE CAF<U+FFFD> GENERALIDADES DEL CAF<U+FFFD> ORIGEN DEL CAF<U+FFFD>"
"427","a1D36000003xuUHEAY","CULTIVO DE CAF<U+FFFD> GENERALIDADES DEL CAF<U+FFFD> MORFOLOG<U+FFFD>. Tallo. Tallo Ortotr<U+FFFD>icos."
"428","a1D36000003xuUIEAY","CULTIVO DE CAF<U+FFFD> GENERALIDADES DEL CAF<U+FFFD> MORFOLOG<U+FFFD>. Fruto. Factores que afectan el desarrollo del fruto La mancha de hierro"
"429","a1D36000003xuUWEAY","CULTIVO DE CAF<U+FFFD> BUENAS PR<U+FFFD>CTICAS AGR<U+FFFD>OLAS BPAs - Formaci<U+FFFD>-Ropa y protecci<U+FFFD> Bienestar laboral"
"430","a1D36000003xuUXEAY","CULTIVO DE CAF<U+FFFD> BUENAS PR<U+FFFD>CTICAS AGR<U+FFFD>OLAS BPAs - Fertilizaci<U+FFFD>"
"431","a1D36000003xuUYEAY","CULTIVO DE CAF<U+FFFD> BUENAS PR<U+FFFD>CTICAS AGR<U+FFFD>OLAS BPAs - Evaluaci<U+FFFD> Riesgos"
"432","a1D36000003xuUZEAY","CULTIVO DE CAF<U+FFFD> BUENAS PR<U+FFFD>CTICAS AGR<U+FFFD>OLAS BPAs - Definiciones y Conceptos"
"433","a1D36000003xuUaEAI","CULTIVO DE CAF<U+FFFD> BUENAS PR<U+FFFD>CTICAS AGR<U+FFFD>OLAS BPAs - An<U+FFFD>isis del Riesgo Lista de chequeo, identificaci<U+FFFD>, an<U+FFFD>isis y evaluaci<U+FFFD> de riesgos y plan de acci<U+FFFD> y seguimiento. Riesgos qu<U+FFFD>icos"
"434","a1D36000003xuUbEAI","CULTIVO DE CAF<U+FFFD> BUENAS PR<U+FFFD>CTICAS AGR<U+FFFD>OLAS BPAs - An<U+FFFD>isis del Riesgo Lista de chequeo, identificaci<U+FFFD>, an<U+FFFD>isis y evaluaci<U+FFFD> de riesgos y plan de acci<U+FFFD> y seguimiento. Riesgos f<U+FFFD>icos"
"435","a1D36000003xuUcEAI","CULTIVO DE CAF<U+FFFD> BUENAS PR<U+FFFD>CTICAS AGR<U+FFFD>OLAS BPAs - An<U+FFFD>isis del Riesgo Lista de chequeo, identificaci<U+FFFD>, an<U+FFFD>isis y evaluaci<U+FFFD> de riesgos y plan de acci<U+FFFD> y seguimiento. Riesgos f<U+FFFD>icos"
"436","a1D36000003xuUdEAI","CULTIVO DE CAF<U+FFFD> BUENAS PR<U+FFFD>CTICAS AGR<U+FFFD>OLAS BPAs - An<U+FFFD>isis del Riesgo Lista de chequeo, identificaci<U+FFFD>, an<U+FFFD>isis y evaluaci<U+FFFD> de riesgos y plan de acci<U+FFFD> y seguimiento. Riesgos ergon<U+FFFD>icos (asociados a la postura del cuerpo)"
"437","a1D36000003xuUeEAI","CULTIVO DE CAF<U+FFFD> BUENAS PR<U+FFFD>CTICAS AGR<U+FFFD>OLAS BPAs - An<U+FFFD>isis del Riesgo Lista de chequeo, identificaci<U+FFFD>, an<U+FFFD>isis y evaluaci<U+FFFD> de riesgos y plan de acci<U+FFFD> y seguimiento. Riesgos de seguridad"
"438","a1D36000003xuUfEAI","CULTIVO DE CAF<U+FFFD> BUENAS PR<U+FFFD>CTICAS AGR<U+FFFD>OLAS BPAs - An<U+FFFD>isis del Riesgo Identificaci<U+FFFD> del riesgo"
"439","a1D36000003xuUgEAI","FACTOR DE RENDIMIENTO Tipo de Almendras Defectuosas Vinagre o Parcialmente Vinagre"
"440","a1D36000003xuUhEAI","FACTOR DE RENDIMIENTO Tipo de Almendras Defectuosas Picado por Insectos"
"441","a1D36000003xuUiEAI","FACTOR DE RENDIMIENTO Tipo de Almendras Defectuosas Negro total o parcial"
"442","a1D36000003xuUjEAI","FACTOR DE RENDIMIENTO Tipo de Almendras Defectuosas Inmaduro y/o Paloteado"
"443","a1D36000003xuUkEAI","FACTOR DE RENDIMIENTO Tipo de Almendras Defectuosas Flojo"
"444","a1D36000003xuUlEAI","FACTOR DE RENDIMIENTO Tipo de Almendras Defectuosas Decolorado <U+FFFD>mbar o Cardenillo"
"445","a1D36000003xuUmEAI","FACTOR DE RENDIMIENTO Tipo de Almendras Defectuosas Decolorado Veteado"
"446","a1D36000003xuUnEAI","FACTOR DE RENDIMIENTO Tipo de Almendras Defectuosas Decolorado Reposado"
"447","a1D36000003xuUoEAI","FACTOR DE RENDIMIENTO Tipo de Almendras Defectuosas Decolorado Reposado"
"448","a1D36000003xuUpEAI","FACTOR DE RENDIMIENTO Tipo de Almendras Defectuosas Decolorado Reposado"
"449","a1D36000003xuUqEAI","FACTOR DE RENDIMIENTO Tipo de Almendras Defectuosas Cristalizado"
"450","a1D36000003xuUrEAI","FACTOR DE RENDIMIENTO Tipo de Almendras Defectuosas Cardenillo"
"451","a1D36000003xuUsEAI","FACTOR DE RENDIMIENTO Tipo de Almendras Defectuosas Averanado o Arrugado"
"452","a1D36000003xuUtEAI","FACTOR DE RENDIMIENTO Tipo de Almendras Defectuosas Aplastado"
"453","a1D36000003xuUuEAI","FACTOR DE RENDIMIENTO Que es el Factor de Rendimiento?"
"454","a1D36000003xuUJEAY","CULTIVO DE CAF<U+FFFD> GENERALIDADES DEL CAF<U+FFFD> MORFOLOG<U+FFFD>. Fruto. Etapas del fruto"
"455","a1D36000003xuUKEAY","CULTIVO DE CAF<U+FFFD> GENERALIDADES DEL CAF<U+FFFD> MORFOLOG<U+FFFD>. Flor. Generalidades"
"456","a1D36000003xuULEAY","CULTIVO DE CAF<U+FFFD> GENERALIDADES DEL CAF<U+FFFD> MORFOLOG<U+FFFD>. Flor. Floraci<U+FFFD> zonas cafeteras"
"457","a1D36000003xuUMEAY","CULTIVO DE CAF<U+FFFD> GENERALIDADES DEL CAF<U+FFFD> FASE REPRODUCTIVA DEL CAF<U+FFFD> Generalidades."
"458","a1D36000003xuUNEAY","CULTIVO DE CAF<U+FFFD> CAF<U+FFFD> ESPECIALES Sellos de Caf<U+FFFD>Especial en el Mundo Caf<U+FFFD>Especial - Verificaciones Caracter<U+FFFD>ticas de la Verificaci<U+FFFD> Starbucks - Cafe Practices"
"459","a1D36000003xuUOEAY","CULTIVO DE CAF<U+FFFD> BUENAS PR<U+FFFD>CTICAS AGR<U+FFFD>OLAS BPAs - Uso de Energ<U+FFFD>"
"460","a1D36000003xuUPEAY","CULTIVO DE CAF<U+FFFD> BUENAS PR<U+FFFD>CTICAS AGR<U+FFFD>OLAS BPAs - Variedades"
"461","a1D36000003xuUQEAY","CULTIVO DE CAF<U+FFFD> BUENAS PR<U+FFFD>CTICAS AGR<U+FFFD>OLAS BPAs - Manejo de suelos"
"462","a1D36000003xuUREAY","CULTIVO DE CAF<U+FFFD> BUENAS PR<U+FFFD>CTICAS AGR<U+FFFD>OLAS BPAs - Lista de Chequeo"
"463","a1D36000003xuUSEAY","CULTIVO DE CAF<U+FFFD> BUENAS PR<U+FFFD>CTICAS AGR<U+FFFD>OLAS BPAs - Higiene e Inocuidad del caf<U+FFFD>Despu<U+FFFD> de la cosecha Por desmucilaginador"
"464","a1D36000003xuUTEAY","CULTIVO DE CAF<U+FFFD> BUENAS PR<U+FFFD>CTICAS AGR<U+FFFD>OLAS BPAs - Higiene e Inocuidad del caf<U+FFFD>Antes de la cosecha"
"465","a1D36000003xuUUEAY","CULTIVO DE CAF<U+FFFD> BUENAS PR<U+FFFD>CTICAS AGR<U+FFFD>OLAS BPAs - Gesti<U+FFFD> de la conservaci<U+FFFD> del Medio Ambiente"
"466","a1D36000003xuUVEAY","CULTIVO DE CAF<U+FFFD> BUENAS PR<U+FFFD>CTICAS AGR<U+FFFD>OLAS BPAs - Gesti<U+FFFD> de la conservaci<U+FFFD> del Medio Ambiente"
"467","a1D36000003xuS4EAI","FACTOR DE RENDIMIENTO Que es el Factor de Rendimiento?"
"468","a1D36000003xuS5EAI","FACTOR DE RENDIMIENTO Calculo del Factor de Rendimiento"
"469","a1D36000003xuS6EAI","CULTIVO DE CAF<U+FFFD> BUENAS PR<U+FFFD>CTICAS AGR<U+FFFD>OLAS BPAs - Medio ambiente"
"470","a1D36000003xuS7EAI","CULTIVO DE CAF<U+FFFD> BUENAS PR<U+FFFD>CTICAS AGR<U+FFFD>OLAS BPAs - Fertilizaci<U+FFFD>"
"471","a1D36000003xuS8EAI","CULTIVO DE CAF<U+FFFD> BUENAS PR<U+FFFD>CTICAS AGR<U+FFFD>OLAS BPAs - Fertilizaci<U+FFFD>"
"472","a1D36000003xuS9EAI","CULTIVO DE CAF<U+FFFD> BUENAS PR<U+FFFD>CTICAS AGR<U+FFFD>OLAS BPAs - Fertilizaci<U+FFFD>"
"473","a1D36000003V746EAC","CULTIVO DE CAF<U+FFFD> REQUERIMIENTOS DEL CULTIVO DE CAF<U+FFFD> Variedades de caf<U+FFFD> Variedades de porte bajo. Castillo. Generalidades"
"474","a1D36000005CsesEAC","ALTERNATIVAS DE BIOPREPARADOS Bioestimulante Enraizador Bioestimulante Dinamizador para Enraizamiento"
"475","a1D36000005CsetEAC","ALTERNATIVAS DE BIOPREPARADOS Bioinsecticidas Bokashi"
"476","a1D36000005CseuEAC","CULTIVO DE CAF<U+FFFD> SANIDAD DEL CAFETAL PLAGAS DEL CAF<U+FFFD>Broca Caracter<U+FFFD>ticas de la Broca"
"477","a1D36000003xQPAEA2","FACTOR DE RENDIMIENTO Test modificado 4444"
"478","a1D36000003xQP8EAM","FACTOR DE RENDIMIENTO Que es el Factor de Rendimiento?"
"479","a1D36000003xQP7EAM","FACTOR DE RENDIMIENTO Tipo de Almendras Defectuosas Decolorado Sobresecado"
"480","a1D36000003xQP9EAM","FACTOR DE RENDIMIENTO Calculo del Factor de Rendimiento"
"481","a1D36000003xQP6EAM","FACTOR DE RENDIMIENTO Que es el Factor de Rendimiento?"
"482","a1D36000003x1iLEAQ","FACTOR DE RENDIMIENTO Calculo del Factor de Rendimiento"
"483","a1D36000005Bxh5EAC","FACTOR DE RENDIMIENTO Calculo del Factor de Rendimiento"
"484","a1D36000005Bxh6EAC","Descripci<U+FFFD> General y Construcci<U+FFFD>"
"485","a1D36000005Bxh7EAC","Datos Importantes de la trampa"
"486","a1D36000005Bxh8EAC","CULTIVO DE CAF<U+FFFD> GENERALIDADES DEL CAF<U+FFFD> MORFOLOG<U+FFFD>. Fruto. Etapas del fruto"
"487","a1D36000003xQbgEAE","Disease Browning Leaves"
"488","a1D36000003xQbhEAE","FACTOR DE RENDIMIENTO Que es el Factor de Rendimiento?"
"489","a1D36000005C4NtEAK","CULTIVO DE CAF<U+FFFD> REQUERIMIENTOS DEL CULTIVO DE CAF<U+FFFD> Variedades de caf<U+FFFD> Variedades de porte bajo. Tab<U+FFFD>"
"490","a1D36000005C4NuEAK","CULTIVO DE CAF<U+FFFD> REQUERIMIENTOS DEL CULTIVO DE CAF<U+FFFD> Variedades de caf<U+FFFD> Variedades de porte bajo. Tab<U+FFFD>"
"491","a1D36000005C4NvEAK","Ensilaje de Pulpa de Cafe Descripci<U+FFFD> del Proceso de Ensilaje"
"492","a1D36000005C4NwEAK","Ensilaje de Pulpa de Cafe 1- Caracteristicas de la Pulpa"
"493","a1D36000005C4NxEAK","Descripci<U+FFFD> General y Construcci<U+FFFD>"
"494","a1D36000005C4NyEAK","Datos Importantes de la trampa"
"495","a1D36000003xRVQEA2","Pests Termite"
"496","a1D36000003xRVREA2","Best Practices Storage"
"497","a1D36000003xRVSEA2","Best Practices Pruning"
"498","a1D36000003xRVTEA2","FACTOR DE RENDIMIENTO Tipo de Almendras Defectuosas Aplastado"
"499","a1D36000003xSJ1EAM","Best Practices Pruning"
"500","a1D36000003xSJ2EAM","Best Practices Fertlization"
"501","a1D36000003xRSbEAM","FACTOR DE RENDIMIENTO Que es el Factor de Rendimiento?"
"502","a1D36000003yDWnEAM","FACTOR DE RENDIMIENTO Calculo del Factor de Rendimiento"
"503","a1D36000003yDWoEAM","FORMAS DE ACCI<U+FFFD> DE LOS BIOPREPARADOS"
"504","a1D36000003yDWpEAM","Descripci<U+FFFD> General y Construcci<U+FFFD>"
"505","a1D36000003yDWqEAM","CULTIVO DE CAF<U+FFFD> CAF<U+FFFD> ESPECIALES Sellos de Caf<U+FFFD>Especial en el Mundo Caf<U+FFFD>Especial - Verificaciones Caracter<U+FFFD>ticas de la Verificaci<U+FFFD> Starbucks - Cafe Practices"
"506","a1D36000003yDWrEAM","CULTIVO DE CAF<U+FFFD> CAF<U+FFFD> ESPECIALES Caf<U+FFFD> Especiales Definici<U+FFFD> de Caf<U+FFFD>Especial"
"507","a1D36000003yDWsEAM","CULTIVO DE CAF<U+FFFD> MANEJO Y PRODUCCI<U+FFFD>. Renovaci<U+FFFD> de Cafetales Renovaci<U+FFFD> por Poda Renovaci<U+FFFD> por Descope"
"508","a1D36000003yDWtEAM","CULTIVO DE CAF<U+FFFD> MANEJO Y PRODUCCI<U+FFFD>. Renovaci<U+FFFD> de Cafetales Renovaci<U+FFFD> por Poda Renovaci<U+FFFD> por Zoqueo Caracter<U+FFFD>ticas del Zoqueo"
"509","a1D36000003yDWuEAM","CULTIVO DE CAF<U+FFFD> MANEJO Y PRODUCCI<U+FFFD>. Renovaci<U+FFFD> de Cafetales Renovaci<U+FFFD> por Poda Renovaci<U+FFFD> por Zoqueo Pasos para un Zoqueo"
"510","a1D36000003yDWvEAM","CULTIVO DE CAF<U+FFFD> MANEJO Y PRODUCCI<U+FFFD>. Preparaci<U+FFFD> del terreno. Trazo."
"511","a1D36000003yDWwEAM","CULTIVO DE CAF<U+FFFD> MANEJO Y PRODUCCI<U+FFFD>. Germinador."
"512","a1D36000003yDWxEAM","CULTIVO DE CAF<U+FFFD> MANEJO Y PRODUCCI<U+FFFD>. Almacigo."
"513","a1D36000003yDWyEAM","CULTIVO DE CAF<U+FFFD> MANEJO Y PRODUCCI<U+FFFD>. Fertilizaci<U+FFFD>. Importante."
"514","a1D36000003yDWzEAM","CULTIVO DE CAF<U+FFFD> MANEJO Y PRODUCCI<U+FFFD>. Fertilizaci<U+FFFD>. Fertilizaci<U+FFFD> Qu<U+FFFD>ica. Fertilizaci<U+FFFD> en Producci<U+FFFD>."
"515","a1D36000003yDX0EAM","CULTIVO DE CAF<U+FFFD> MANEJO Y PRODUCCI<U+FFFD>. Fertilizaci<U+FFFD>. Fertilizaci<U+FFFD> Qu<U+FFFD>ica. Fertilizaci<U+FFFD> en levante."
"516","a1D36000003yDWmEAM","CULTIVO DE CAF<U+FFFD> SANIDAD DEL CAFETAL PLAGAS DEL CAF<U+FFFD>Chinche de la Chamusquina Caracter<U+FFFD>ticas del Chinche de la Chamusquina"
"517","a1D36000003yDWeEAM","CULTIVO DE CAF<U+FFFD> GENERALIDADES DEL CAF<U+FFFD> ORIGEN DEL CAF<U+FFFD>"
"518","a1D36000003yDWfEAM","CULTIVO DE CAF<U+FFFD> REQUERIMIENTOS DEL CULTIVO DE CAF<U+FFFD> Edad del caf<U+FFFD>"
"519","a1D36000003yDWgEAM","CULTIVO DE CAF<U+FFFD> REQUERIMIENTOS DEL CULTIVO DE CAF<U+FFFD> Sanidad. Plagas."
"520","a1D36000003yDWhEAM","CULTIVO DE CAF<U+FFFD> REQUERIMIENTOS DEL CULTIVO DE CAF<U+FFFD> Sanidad. Enfermedades."
"521","a1D36000003yDWiEAM","CULTIVO DE CAF<U+FFFD> SANIDAD DEL CAFETAL PLAGAS DEL CAF<U+FFFD>Palomillas Caracter<U+FFFD>ticas de la Palomilla"
"522","a1D36000003yDWjEAM","CULTIVO DE CAF<U+FFFD> SANIDAD DEL CAFETAL ENFERMEDADES DEL CAF<U+FFFD>Mancha de Hierro Caracter<U+FFFD>ticas de la Mancha de Hierro"
"523","a1D36000003yDWkEAM","CULTIVO DE CAF<U+FFFD> SANIDAD DEL CAFETAL ENFERMEDADES DEL CAF<U+FFFD>Llagas Caracter<U+FFFD>ticas de Llagas"
"524","a1D36000003yDWlEAM","CULTIVO DE CAF<U+FFFD> SANIDAD DEL CAFETAL ENFERMEDADES DEL CAF<U+FFFD>Colletotrichum sp. Caracter<U+FFFD>ticas del Colletotrichum sp."
"525","a1D36000003yD2KEAU","Lombricultivo con Pulpa de Caf<U+FFFD> 1-Infraestructura"
"526","a1D36000003yD2LEAU","Lombricultivo con Pulpa de Caf<U+FFFD> 1-Infraestructura"
"527","a1D36000003yD2MEAU","Lombricultivo con Pulpa de Caf<U+FFFD> 1-Infraestructura"
"528","a1D36000003yD2NEAU","Lombricultivo con Pulpa de Caf<U+FFFD> 1-Infraestructura"
"529","a1D36000005CSgJEAW","CULTIVO DE CAF<U+FFFD> SANIDAD DEL CAFETAL ENFERMEDADES DEL CAF<U+FFFD>Colletotrichum sp. Caracter<U+FFFD>ticas del Colletotrichum sp."
"530","a1D36000005CSgKEAW","CULTIVO DE CAF<U+FFFD> SANIDAD DEL CAFETAL ENFERMEDADES DEL CAF<U+FFFD>Mal Rosado Control del Mal Rosado Control cultural"
"531","a1D36000005CSgLEAW","CULTIVO DE CAF<U+FFFD> SANIDAD DEL CAFETAL ENFERMEDADES DEL CAF<U+FFFD>Mal Rosado Caracter<U+FFFD>ticas del Mal Rosado"
"532","a1D36000003VZ46EAG","CULTIVO DE CAF<U+FFFD> SANIDAD DEL CAFETAL PLAGAS DEL CAF<U+FFFD>Broca Caracter<U+FFFD>ticas de la Broca"
"533","a1D36000003VZ47EAG","CULTIVO DE CAF<U+FFFD> SANIDAD DEL CAFETAL ENFERMEDADES DEL CAF<U+FFFD>Colletotrichum sp. Caracter<U+FFFD>ticas del Colletotrichum sp."
"534","a1D36000003VZ3NEAW","CULTIVO DE CAF<U+FFFD> SANIDAD DEL CAFETAL PLAGAS DEL CAF<U+FFFD>Chinche de la Chamusquina Control del Chinche de la Chamusquina Control qu<U+FFFD>ico"
"535","a1D36000003VZ3OEAW","CULTIVO DE CAF<U+FFFD> SANIDAD DEL CAFETAL PLAGAS DEL CAF<U+FFFD>Chinche de la Chamusquina Control del Chinche de la Chamusquina Control cultural"
"536","a1D36000003woTpEAI","Sub-Menu 1"
"537","a1D36000003woTqEAI","Sub-Menu 1"
"538","a1D36000003yZY1EAM","CULTIVO DE CAF<U+FFFD> SANIDAD DEL CAFETAL ENFERMEDADES DEL CAF<U+FFFD>Mal Rosado Caracter<U+FFFD>ticas del Mal Rosado"
"539","a1D36000003yZY2EAM","CULTIVO DE CAF<U+FFFD> SANIDAD DEL CAFETAL PLAGAS DEL CAF<U+FFFD>Nematodos Control del Nem<U+FFFD>odos Control qu<U+FFFD>ico"
"540","a1D36000003yZY3EAM","CULTIVO DE CAF<U+FFFD> COSECHA y POSCOSECHA Despulpado Caracter<U+FFFD>ticas del Despulpado"
"541","a1D36000003yZY4EAM","CULTIVO DE CAF<U+FFFD> COSECHA y POSCOSECHA Zaranda"
"542","a1D36000003yZY5EAM","CULTIVO DE CAF<U+FFFD> BUENAS PR<U+FFFD>CTICAS AGR<U+FFFD>OLAS BPAs - Manejo de suelos"
"543","a1D36000003yZY6EAM","FACTOR DE RENDIMIENTO Que es el Factor de Rendimiento?"
"544","a1D36000003yZY7EAM","FACTOR DE RENDIMIENTO Calculo del Factor de Rendimiento"
"545","a1D36000003yZY8EAM","CULTIVO DE CAF<U+FFFD> REQUERIMIENTOS DEL CULTIVO DE CAF<U+FFFD> Sitio. Suelos."
"546","a1D36000003yZY9EAM","CULTIVO DE CAF<U+FFFD> REQUERIMIENTOS DEL CULTIVO DE CAF<U+FFFD> Sitio. Sombra. Generalidades."
"547","a1D36000003yZYAEA2","CULTIVO DE CAF<U+FFFD> REQUERIMIENTOS DEL CULTIVO DE CAF<U+FFFD> Sitio. Sol."
"548","a1D36000003yZYBEA2","CULTIVO DE CAF<U+FFFD> REQUERIMIENTOS DEL CULTIVO DE CAF<U+FFFD> Sitio. Clima."
"549","a1D36000003yZYCEA2","CULTIVO DE CAF<U+FFFD> REQUERIMIENTOS DEL CULTIVO DE CAF<U+FFFD> Sanidad. Plagas."
"550","a1D36000003yZYDEA2","CULTIVO DE CAF<U+FFFD> REQUERIMIENTOS DEL CULTIVO DE CAF<U+FFFD> Sanidad. Enfermedades."
"551","a1D36000003yZYEEA2","CULTIVO DE CAF<U+FFFD> REQUERIMIENTOS DEL CULTIVO DE CAF<U+FFFD> Edad del caf<U+FFFD>"
"552","a1D36000003yZYFEA2","CULTIVO DE CAF<U+FFFD> REQUERIMIENTOS DEL CULTIVO DE CAF<U+FFFD> Densidad. Ventajas."
"553","a1D36000003yZYGEA2","CULTIVO DE CAF<U+FFFD> REQUERIMIENTOS DEL CULTIVO DE CAF<U+FFFD> Densidad. Ventajas."
"554","a1D36000003yZYHEA2","CULTIVO DE CAF<U+FFFD> REQUERIMIENTOS DEL CULTIVO DE CAF<U+FFFD> Densidad. Generalidades."
"555","a1D36000003yZYIEA2","CULTIVO DE CAF<U+FFFD> REQUERIMIENTOS DEL CULTIVO DE CAF<U+FFFD> Cosecha. Tipos de recolecci<U+FFFD> de grano. Recoleccion tradicional."
"556","a1D36000003yZYJEA2","CULTIVO DE CAF<U+FFFD> REQUERIMIENTOS DEL CULTIVO DE CAF<U+FFFD> Cosecha. Tipos de recolecci<U+FFFD> de grano. Raselca II."
"557","a1D36000003yZYKEA2","CULTIVO DE CAF<U+FFFD> REQUERIMIENTOS DEL CULTIVO DE CAF<U+FFFD> Cosecha. Tipos de recolecci<U+FFFD> de grano. Mallas plasticas en piso."
"558","a1D36000003yZYLEA2","CULTIVO DE CAF<U+FFFD> REQUERIMIENTOS DEL CULTIVO DE CAF<U+FFFD> Cosecha. Tipos de recolecci<U+FFFD> de grano. Cifarelli SC 700."
"559","a1D36000003yZYMEA2","CULTIVO DE CAF<U+FFFD> REQUERIMIENTOS DEL CULTIVO DE CAF<U+FFFD> Cosecha. Tipos de recolecci<U+FFFD> de grano. Aspiradora multifuelle."
"560","a1D36000003yZYNEA2","CULTIVO DE CAF<U+FFFD> REQUERIMIENTOS DEL CULTIVO DE CAF<U+FFFD> Cosecha. Tipos de recolecci<U+FFFD> de grano. Aroandes  III."
"561","a1D36000003yZYOEA2","CULTIVO DE CAF<U+FFFD> REQUERIMIENTOS DEL CULTIVO DE CAF<U+FFFD> Competencia del caf<U+FFFD> Otros. Fertilidad del suelo."
"562","a1D36000003yZYPEA2","CULTIVO DE CAF<U+FFFD> REQUERIMIENTOS DEL CULTIVO DE CAF<U+FFFD> Competencia del caf<U+FFFD> Otros. Disponibilidad h<U+FFFD>rica."
"563","a1D36000003yZYQEA2","CULTIVO DE CAF<U+FFFD> REQUERIMIENTOS DEL CULTIVO DE CAF<U+FFFD> Competencia del caf<U+FFFD> Otros. Da<U+FFFD>s a cultivos por fitotoxicidad."
"564","a1D36000003yZYREA2","CULTIVO DE CAF<U+FFFD> REQUERIMIENTOS DEL CULTIVO DE CAF<U+FFFD> Competencia del caf<U+FFFD> Arvenses."
"565","a1D36000003yZYSEA2","CULTIVO DE CAF<U+FFFD> REQUERIMIENTOS DEL CULTIVO DE CAF<U+FFFD> Beneficio."
"566","a1D36000003yZYTEA2","CULTIVO DE CAF<U+FFFD> REQUERIMIENTOS DEL CULTIVO DE CAF<U+FFFD> Variedades de caf<U+FFFD> Variedades de porte bajo. Tab<U+FFFD>"
"567","a1D36000003yZYUEA2","CULTIVO DE CAF<U+FFFD> REQUERIMIENTOS DEL CULTIVO DE CAF<U+FFFD> Variedades de caf<U+FFFD> Variedades de porte bajo. Castillo. Generalidades"
"568","a1D36000003yZYVEA2","CULTIVO DE CAF<U+FFFD> REQUERIMIENTOS DEL CULTIVO DE CAF<U+FFFD> Variedades de caf<U+FFFD> Variedades de porte bajo. Castillo. Generalidades"
"569","a1D36000003yZYWEA2","CULTIVO DE CAF<U+FFFD> REQUERIMIENTOS DEL CULTIVO DE CAF<U+FFFD> Variedades de caf<U+FFFD> Variedades de porte bajo. Castillo. Generalidades"
"570","a1D36000003yZYXEA2","CULTIVO DE CAF<U+FFFD> REQUERIMIENTOS DEL CULTIVO DE CAF<U+FFFD> Variedades de caf<U+FFFD> Variedades de porte alto. T<U+FFFD>ica."
"571","a1D36000003yZYYEA2","CULTIVO DE CAF<U+FFFD> REQUERIMIENTOS DEL CULTIVO DE CAF<U+FFFD> Variedades de caf<U+FFFD> Variedades de porte alto. Maragogipe."
"572","a1D36000003yZYZEA2","CULTIVO DE CAF<U+FFFD> REQUERIMIENTOS DEL CULTIVO DE CAF<U+FFFD> Variedades de caf<U+FFFD> Variedades de porte alto. Borb<U+FFFD>."
"573","a1D36000003yZYaEAM","CULTIVO DE CAF<U+FFFD> REQUERIMIENTOS DEL CULTIVO DE CAF<U+FFFD> Variedades de caf<U+FFFD> Generalidades."
"574","a1D36000003yZYbEAM","FACTOR DE RENDIMIENTO Calculo del Factor de Rendimiento"
"575","a1D36000003yF5CEAU","Ensilaje de pulpa de cafe 1 - Descripci<U+FFFD> del proceso de ensilaje"
"576","a1D36000003yEn3EAE","CULTIVO DE CAF<U+FFFD> BUENAS PR<U+FFFD>CTICAS AGR<U+FFFD>OLAS BPAs - An<U+FFFD>isis del Riesgo Identificaci<U+FFFD> del riesgo"
"577","a1D36000003yF94EAE","Ensilaje de Pulpa de Cafe Descripci<U+FFFD> del Proceso de Ensilaje"
"578","a1D36000003yF8aEAE","Ensilaje de Pulpa de Cafe 4 - Salida de Lixiviados"
"579","a1D36000003yF8bEAE","Ensilaje de Pulpa de Cafe 3 - Llenado y Sellado del Silo"
"580","a1D36000003yF8cEAE","Ensilaje de Pulpa de Cafe 2 - Tipo de Silo"
"581","a1D36000003yF8dEAE","Ensilaje de Pulpa de Cafe 1- Caracteristicas de la Pulpa"
"582","a1D36000003yIBgEAM","CULTIVO DE CAF<U+FFFD> COSECHA y POSCOSECHA Secado Caracter<U+FFFD>ticas del Secado"
"583","a1D36000003yIBhEAM","CULTIVO DE CAF<U+FFFD> CAF<U+FFFD> ESPECIALES Caf<U+FFFD> Especiales Origen del Caf<U+FFFD>Especial"
"584","a1D36000003yIBiEAM","CULTIVO DE CAF<U+FFFD> BUENAS PR<U+FFFD>CTICAS AGR<U+FFFD>OLAS BPAs - Fertilizaci<U+FFFD>"
"585","a1D36000003yIBjEAM","Ensilaje de Pulpa de Cafe 1- Caracteristicas de la Pulpa"
"586","a1D36000003yIBkEAM","Ensilaje de Pulpa de Cafe 1- Caracteristicas de la Pulpa"
"587","a1D36000003yIBlEAM","Lombricultivo con Pulpa de Caf<U+FFFD> 1-Infraestructura"
"588","a1D36000003yIBmEAM","Lombricultivo con Pulpa de Caf<U+FFFD> 2-Siembra de la Lombriz"
"589","a1D36000003yIBnEAM","Datos Importantes de la trampa"
"590","a1D36000003yIBoEAM","Descripci<U+FFFD> General y Construcci<U+FFFD>"
"591","a1D36000005CruCEAS","ALTERNATIVAS DE BIOPREPARADOS Biofertilizantes Biol"
"592","a1D36000005CruDEAS","ALTERNATIVAS DE BIOPREPARADOS Biofertilizantes Extracto de Ortiga"
"593","a1D36000005D4ryEAC","ALTERNATIVAS DE BIOPREPARADOS Hongos Beauveria Bassiana Producci<U+FFFD> de la finca 2 - Esterilizaci<U+FFFD> del medio de cultivo"
"594","a1D36000005D4rzEAC","ALTERNATIVAS DE BIOPREPARADOS Hongos Beauveria Bassiana Producci<U+FFFD> de la finca 2 - Esterilizaci<U+FFFD> del medio de cultivo"
"595","a1D36000005D4s0EAC","ALTERNATIVAS DE BIOPREPARADOS Hongos Beauveria Bassiana Producci<U+FFFD> de la finca 1 - Preparaci<U+FFFD> del medio de cultivo"
"596","a1D36000006IPbWEAW","Auxilio por calamidad dom<U+FFFD>tica"
"597","a1D36000003woNNEAY","FACTOR DE RENDIMIENTO Test modificado 3"
"598","a1D36000003woOGEAY","FACTOR DE RENDIMIENTO Test modificado 3"
"599","a1D36000003yXm6EAE","CULTIVO DE CAF<U+FFFD> REQUERIMIENTOS DEL CULTIVO DE CAF<U+FFFD> Variedades de caf<U+FFFD> Generalidades."
"600","a1D36000003yXm7EAE","CULTIVO DE CAF<U+FFFD> REQUERIMIENTOS DEL CULTIVO DE CAF<U+FFFD> Sanidad. Enfermedades."
"601","a1D36000003yXm8EAE","CULTIVO DE CAF<U+FFFD> BUENAS PR<U+FFFD>CTICAS AGR<U+FFFD>OLAS BPAs - Fertilizaci<U+FFFD>"
"602","a1D36000003yYYoEAM","CULTIVO DE CAF<U+FFFD> SANIDAD DEL CAFETAL PLAGAS DEL CAF<U+FFFD>Palomillas Control de la Palomilla Control qu<U+FFFD>ico"
"603","a1D36000003V5cFEAS","CULTIVO DE CAF<U+FFFD> GENERALIDADES DEL CAF<U+FFFD> ORIGEN DEL CAF<U+FFFD>"
"604","a1D36000003yYZ8EAM","CULTIVO DE CAF<U+FFFD> SANIDAD DEL CAFETAL PLAGAS DEL CAF<U+FFFD>Palomillas Control de la Palomilla Control cultural"
"605","a1D36000003yYZ9EAM","CULTIVO DE CAF<U+FFFD> SANIDAD DEL CAFETAL PLAGAS DEL CAF<U+FFFD>Palomillas Control de la Palomilla Control qu<U+FFFD>ico"
"606","a1D36000003yYZNEA2","CULTIVO DE CAF<U+FFFD> SANIDAD DEL CAFETAL PLAGAS DEL CAF<U+FFFD>Palomillas Control de la Palomilla Control qu<U+FFFD>ico"
"607","a1D36000003yZb2EAE","Ensilaje de Pulpa de Cafe 1- Caracteristicas de la Pulpa"
"608","a1D36000003wuPoEAI","FACTOR DE RENDIMIENTO Calculo del Factor de Rendimiento"
"609","a1D36000003xc1jEAA","CULTIVO DE CAF<U+FFFD> BUENAS PR<U+FFFD>CTICAS AGR<U+FFFD>OLAS BPAs - An<U+FFFD>isis del Riesgo Identificaci<U+FFFD> del riesgo"
"610","a1D36000003UnoGEAS","CULTIVO DE CAFE GENERALIDADES DEL CAFE ORIGEN DEL CAFE"
"611","a1D36000003yaBeEAI","FACTOR DE RENDIMIENTO Calculo del Factor de Rendimiento"
"612","a1D36000003yaBfEAI","FACTOR DE RENDIMIENTO Calculo del Factor de Rendimiento"
"613","a1D36000003yaBgEAI","FACTOR DE RENDIMIENTO Tipo de Almendras Defectuosas Negro total o parcial"
"614","a1D36000003yaBhEAI","FACTOR DE RENDIMIENTO Tipo de Almendras Defectuosas Averanado o Arrugado"
"615","a1D36000003yaBiEAI","FACTOR DE RENDIMIENTO Que es el Factor de Rendimiento?"
"616","a1D36000003yaBjEAI","FACTOR DE RENDIMIENTO Calculo del Factor de Rendimiento"
"617","a1D36000003Ur6fEAC","CULTIVO DE CAF<U+FFFD> GENERALIDADES DEL CAF<U+FFFD> ORIGEN DEL CAF<U+FFFD>"
"618","a1D36000003UsIZEA0","CULTIVO DE CAF<U+FFFD> GENERALIDADES DEL CAF<U+FFFD> ORIGEN DEL CAF<U+FFFD>"
"619","a1D36000003Uqw1EAC","CULTIVO DE CAFE GENERALIDADES DEL CAFE MORFOLOG<U+FFFD> Ra<U+FFFD> Tipos de ra<U+FFFD> Ra<U+FFFD>es secundarias"
"620","a1D36000003UqtEEAS","CULTIVO DE CAFE GENERALIDADES DEL CAFE MORFOLOG<U+FFFD> Ra<U+FFFD> Tipos de ra<U+FFFD> Ra<U+FFFD>es secundarias"
"621","a1D36000003Ur6GEAS","CULTIVO DE CAFE GENERALIDADES DEL CAFE TAXONOM<U+FFFD> DEL CAF<U+FFFD>"
"622","a1D36000003UpisEAC","CULTIVO DE CAFE MANEJO Y PRODUCCI<U+FFFD> Almacigo"
"623","a1D36000003UsH2EAK","CULTIVO DE CAF<U+FFFD> GENERALIDADES DEL CAF<U+FFFD> ORIGEN DEL CAF<U+FFFD>"
"624","a1D36000003V5YDEA0","CULTIVO DE CAF<U+FFFD> REQUERIMIENTOS DEL CULTIVO DE CAF<U+FFFD> Densidad. Ventajas."
"625","a1D36000003V5YEEA0","CULTIVO DE CAF<U+FFFD> REQUERIMIENTOS DEL CULTIVO DE CAF<U+FFFD> Densidad. Generalidades."
"626","a1D36000003yAb0EAE","ALTERNATIVAS DE BIOPREPARADOS Bioinsecticidas Bokashi"
"627","a1D36000003yAc3EAE","ALTERNATIVAS DE BIOPREPARADOS Bioinsecticidas Bostol"
"628","a1D36000003yAiaEAE","FACTOR DE RENDIMIENTO Calculo del Factor de Rendimiento"
"629","a1D36000003yAibEAE","FACTOR DE RENDIMIENTO Calculo del Factor de Rendimiento"
"630","a1D36000003yAZTEA2","ALTERNATIVAS DE BIOPREPARADOS Bioinsecticidas Extracto Alcoh<U+FFFD>ico de Ajo y Aj<U+FFFD>"
"631","a1D36000003yM9wEAE","FACTOR DE RENDIMIENTO Que es el Factor de Rendimiento?"
"632","a1D36000003yM9xEAE","Descripci<U+FFFD> General y Construcci<U+FFFD>"
"633","a1D36000003yM9yEAE","Descripci<U+FFFD> General y Construcci<U+FFFD>"
"634","a1D36000003yM9zEAE","Datos Importantes de la trampa"
"635","a1D36000003yMA0EAM","Datos Importantes de la trampa"
"636","a1D36000003yM1iEAE","Ensilaje de Pulpa de Cafe Descripci<U+FFFD> del Proceso de Ensilaje"
"637","a1D36000003yM1jEAE","Ensilaje de Pulpa de Cafe 4 - Salida de Lixiviados"
"638","a1D36000003yM1kEAE","Ensilaje de Pulpa de Cafe 2 - Tipo de Silo"
"639","a1D36000003yM1lEAE","Ensilaje de Pulpa de Cafe 1- Caracteristicas de la Pulpa"
"640","a1D36000003V5QWEA0","CULTIVO DE CAF<U+FFFD> GENERALIDADES DEL CAF<U+FFFD> ORIGEN DEL CAF<U+FFFD>"
"641","a1D36000003Vb4WEAS","Caracter<U+FFFD>ticas de la Llaga Macana"
"642","a1D36000003Vb4VEAS","CULTIVO DE CAF<U+FFFD> SANIDAD DEL CAFETAL ENFERMEDADES DEL CAF<U+FFFD>Llagas Tipos de Llagas en Caf<U+FFFD>Llaga Macana Caracter<U+FFFD>ticas de la Llaga Macana"
"643","a1D36000003UqnYEAS","CULTIVO DE CAFE REQUERIMIENTOS DEL CULTIVO DE CAF<U+FFFD>Beneficio"
"644","a1D36000003Ur6VEAS","CULTIVO DE CAFE GENERALIDADES DEL CAFE ORIGEN DEL CAF<U+FFFD>"
"645","a1D36000003yipPEAQ","CULTIVO DE CAF<U+FFFD> GENERALIDADES DEL CAF<U+FFFD> MORFOLOG<U+FFFD>. Fruto. Etapas del fruto"
"646","a1D36000003yipQEAQ","CULTIVO DE CAF<U+FFFD> GENERALIDADES DEL CAF<U+FFFD> MORFOLOG<U+FFFD>. Flor. Generalidades"
"647","a1D36000003yipREAQ","CULTIVO DE CAF<U+FFFD> GENERALIDADES DEL CAF<U+FFFD> MORFOLOG<U+FFFD>. Flor. Floraci<U+FFFD> zonas cafeteras"
"648","a1D36000003yipSEAQ","CULTIVO DE CAF<U+FFFD> GENERALIDADES DEL CAF<U+FFFD> ORIGEN DEL CAF<U+FFFD>"
"649","a1D36000003yipTEAQ","CULTIVO DE CAF<U+FFFD> GENERALIDADES DEL CAF<U+FFFD> FASE VEGETATIVA DEL CAF<U+FFFD> Generalidades."
"650","a1D36000003yipUEAQ","CULTIVO DE CAF<U+FFFD> GENERALIDADES DEL CAF<U+FFFD> FASE VEGETATIVA DEL CAF<U+FFFD> Etapas."
"651","a1D36000003yipVEAQ","Lombricultivo con Pulpa de Caf<U+FFFD> 4-Recolecci<U+FFFD> de los Productos (Lombrices y lombricompuestos)."
"652","a1D36000003yipWEAQ","Lombricultivo con Pulpa de Caf<U+FFFD> 1-Infraestructura"
"653","a1D36000003yipXEAQ","Ensilaje de Pulpa de Cafe Descripci<U+FFFD> del Proceso de Ensilaje"
"654","a1D36000003yipbEAA","Descripci<U+FFFD> General y Construcci<U+FFFD>"
"655","a1D36000003yipYEAQ","Ensilaje de Pulpa de Cafe 4 - Salida de Lixiviados"
"656","a1D36000003yipZEAQ","Ensilaje de Pulpa de Cafe 2 - Tipo de Silo"
"657","a1D36000003yipaEAA","Ensilaje de Pulpa de Cafe 1- Caracteristicas de la Pulpa"
"658","a1D36000003yNM2EAM","Descripci<U+FFFD> General y Construcci<U+FFFD>"
"659","a1D36000003yNM3EAM","Datos Importantes de la trampa"
"660","a1D36000003yNM4EAM","Lombricultivo con Pulpa de Caf<U+FFFD> 4-Recolecci<U+FFFD> de los Productos (Lombrices y lombricompuestos)."
"661","a1D36000003yNM5EAM","Lombricultivo con Pulpa de Caf<U+FFFD> 3-Manejo del Lombricultivo"
"662","a1D36000003yNM6EAM","Lombricultivo con Pulpa de Caf<U+FFFD> 2-Siembra de la Lombriz"
"663","a1D36000003yNM7EAM","Lombricultivo con Pulpa de Caf<U+FFFD> 1-Infraestructura"
"664","a1D36000003yNM8EAM","Ensilaje de Pulpa de Cafe Descripci<U+FFFD> del Proceso de Ensilaje"
"665","a1D36000003yNM9EAM","Ensilaje de Pulpa de Cafe 4 - Salida de Lixiviados"
"666","a1D36000003yNMAEA2","Ensilaje de Pulpa de Cafe 3 - Llenado y Sellado del Silo"
"667","a1D36000003yNMBEA2","Ensilaje de Pulpa de Cafe 2 - Tipo de Silo"
"668","a1D36000003yNMCEA2","Ensilaje de Pulpa de Cafe 1- Caracteristicas de la Pulpa"
"669","a1D36000003yNWwEAM","FACTOR DE RENDIMIENTO Tipo de Almendras Defectuosas Cristalizado"
"670","a1D36000003yNWxEAM","FACTOR DE RENDIMIENTO Tipo de Almendras Defectuosas Aplastado"
"671","a1D36000003yNWyEAM","FACTOR DE RENDIMIENTO Que es el Factor de Rendimiento?"
"672","a1D36000003yNWzEAM","Descripci<U+FFFD> General y Construcci<U+FFFD>"
